TRIOBP,ERICH5,CALML6,PLCD3,MAN1A2,JAK1,DNAJB13,LOC142937,PCDHAC1,ZNF555,NT5E,MSRB3,LOC554206,FCHSD2,SPOCK3,BEST1,LOC283861,CNTN1,ZNF585A,IDH1,ENTPD3,ENTPD4,FBXL21,AP5M1,SEPT6,BBS9,PRKCA-AS1,LOC100310756,C20orf202,MESDC1,LOC400622,LOC100505853,HAR1A,VPS53,NKTR,BAIAP2-AS1,UG0898H09,IGH,LRRC27,DNM3,ZNF790-AS1,LINC01366,LINC00630,TRHDE-AS1,TRHDE-AS1.1,LOC100506730,CLVS2,LOC101927406,MAPT-AS1,C10orf90,SCTR,MEDAG,ABCA8,NSF,P4HA2,ZNF506,SLC24A4,GABPB1-AS1,CCDC169,RHEBL1,ANKRD20A12P///ANKRD20A8P///ANKRD20A4///ANKRD20A2///ANKRD20A3///ANKRD20A5P///ANKRD20A1,RPL11,SNORD35B///RPS11,RPS25,ATP6V0E1,DSP,KDELR2,PEA15,NCOR1,RERE,LOC101927733///HMGN1,HADH,ANP32A,GPNMB,PCNA,TNFAIP1,CTBP2,RPS16,IVNS1ABP,CUL4A,TIA1,FHL1,API5,EGR1,CLCN3,EFEMP1,EFEMP1.1,NR3C1,DVL3,ALCAM,RB1CC1,BRD4,NOC2L,GAS7,TMED5,TK1,GMFB,VAPB,SVIL,S100A13,MARCH7,RBM15B,FOXO1,PHKB,SLC20A2,CCNG2,PPP2R1B,ADM,NAGA,HLTF,UROS,SNORA3A///RPL27A,MYO1E,RAPGEF2,KIF5C,TFAM,MYO6,RABEP1,TSPAN31,THOP1,PDLIM5,DRG2,DGKA,TBC1D4,RNF6,TPBG,CEP57,MED1,PEX14,ELK1,TMED1,PRKAR2B,GADD45A,ADCY7,MAPRE3,PEX3,NRGN,TPM2,SNAPC2,PDE2A,PDGFB,PIM2,CAPN15,AGA,KLF7,MAOA,NEFH,SNCA,NR4A2,PARVB,NEK4,GFER,ATP2B2,CHGA,MAPK4,MLF1,ZNF274,C6orf47,CLOCK,CIB2,RWDD3,LAMA2,ANOS1,ACVR1B,RPH3A,NR3C2,GNA15,IRF5,PCSK5,HRH1,KIN,IPO8,LOC101929036///PAH,PCSK1,MYOM2,PTH1R,SLC6A12,ZNF35,TPM1,LHX2,ST8SIA5,NUDT4P1///NUDT4P2///NUDT4,OPA3,KIF14,DGKG,TCTN2,INSM1,PRPH2,ZNF43,BMP1,DNAJC4,EPHA7,CGGBP1,ZNF124,NFIC,PCDH8,CACNB1,AKAP3,SLC35A2,PIR,RARS2,LOC100996542///GRM7,ARHGAP12,ARHGEF2,SERPINH1,CENPF,CD160,ZFHX3,C2orf83,ACKR1,POLR3D,SP110,EDN3,CD164,ELAVL2,GRIK4,HADHA,PTPA,CYFIP1,LGALS3,ALDH7A1,ALDH7A1.1,FBXL5,RSRP1,ZMYND8,NCOA3,FAM107A,NCOA1,ASPH,SNORD45C///SNORD45A///SNORD45B///RABGGTB,KLF5,DCTN5,STX3,ID4,AZGP1,PSIP1,ECM1,HLCS,HSDL2,IGF1,THBS3,BMP7,RGS12,TMEM47,ITCH,SPAST,ADAM19,IL33,SPHK2,RBMS1,BORCS8,RBM5,GART,RANBP3,HTATIP2,RGS6,FHL1.1,TEKT2,HECW1,ACHE,MYT1,ELK1.1,CDC14A,CFLAR,LGALS8,ASPH.1,TAGLN2,CDK11A///CDK11B,KCNJ5,CFLAR.1,HLA-G,GRK6,HAP1,IGLJ3,HNRNPA3,ACTG1///ACTB,SZRD1,GSE1,LMNA,PEG10,RHOQ,PNISR,TAB2,KCTD12,LPIN1,EMC1,PCMTD2,PDCD11,CENPB,SUCLG2,SPTSSA,TPM4,HPCAL1,SMCHD1,RCOR1,STX10,HIVEP2,RFTN1,EHBP1,RHOBTB1,SPARC,RBBP6,AHCYL2,C9orf3,TSPYL4,ATP2B1,ABHD3,RALGAPA1,TTC28,ZC3H14,PRKCA,SLC36A1,LOC101060817///GCSH,C2orf72,FTL,MINA,PDE8B,ATP10D,CEP170B,DOPEY1,ZBTB7A,KIAA1462,BCKDHB,GDPD5,ABCA5,CDHR1,HIBCH,VSTM4,LOC101930416///LOC101929792///LOC100996724///PDE4DIP,PGAP1,NPTX2,ABCC10,RAC2,PHOSPHO2-KLHL23///KLHL23,SOX4,ASAH1,RBM14-RBM4///RBM4,CCNT2,RSAD2,MYBL1,PDS5A,SPON1,ATP9B,CCDC22,MYCL,TBC1D31,U2AF2,SFTPD,PDLIM7,NDRG2,LOC101928826///TPT1,COPA,C4B_2///C4B///C4A,RHOQ.1,SIGMAR1,PMS2P1,GATC,PLCH1,MPRIP,KCTD20,ADAMTS3,DENND5B,METTL10,APBA3,WDR61,IGLC1,ZNF273,DGCR5,LOC100288570,RUNDC3B,HSDL2.1,SMURF1,STXBP5L,UBR2,VCAN,PMS2P9///PMS2P5,CYB5A,SUCLG2.1,GM2A,RAPGEF2.1,TCF7L2,DAAM1,ACOT11,SPTLC2,KIAA1109,AKR7A3,NAV3,MLLT10,SUPT20H,LINC01278,KIR3DL2///KIR3DL1,RYK,HOMER2,ADD3-AS1,COL1A1,NFATC2IP,LRRC75B,SNX5,CCDC47,SSBP3,EFHD2,USB1,SLC12A7,AAAS,C20orf27,SORBS1,TMEM2,INF2,TRIB3,CENPT,TMEM254,ARMT1,MRPL44,RWDD2B,PGP,STK26,CWC25,FZD4,RHBDF1,RAB29,GRAMD3,ZNF444,PACSIN3,SLC8B1,ANKRA2,SLC35F2,SIRT1,ZSCAN32,LETM1,PYCRL,QRSL1,COL5A3,FAM206A,CCDC85C,RASAL2,LZTS1,NPR3,ZNF236,CACFD1,HMBOX1,TRPV2,KLHDC8A,ADAP2,MTERF3,DHX58,CIDEC,CLSTN2,SLC23A3///NHEJ1,LRRK1,BCORL1,DSN1,OGFRL1,ZNF767P,PEX5L,HS3ST2,CPNE7,ENTPD1-AS1,RPL36,CPLX3,HERC5,C17orf53,PCNX4,ASB7,ZNF224,RASIP1,NEUROD6,HR,TP53TG3B///TP53TG3D///TP53TG3C///TP53TG3,DCAF17,KMT5A,ZMYM1,CYB5R2,CA8,GPR88,SLC35E3,LOC101928718///FAM212B,KLK14,ZNF770,OSGEPL1,PNPLA3,ADAMTS8,FOXRED2,SCN11A,FRMD1,ST6GALNAC5,ITM2C,POLL,VSX1,GDF2,GPRC5D,GRID2,LSG1,LIN7C,ALDH6A1,RPL31,ZFAND6,ZNF83,PRRC1,GNA12,PANK3,DNAJC10,KAT8,SGF29,ANGEL2,DTX3,LOC101060581///AGAP7P///AGAP12P///AGAP6///AGAP11///AGAP4,TRMT5,WLS,COL9A1,CSNK1E,LOC102725271///NTM,LOC643549///PCIF1,ATF1,LDAH,INTS7,PDCD4-AS1,REV1,SLC2A4RG,POGLUT1,TMEM39A,PLEKHF2,CHCHD7,OGN,HERPUD2,NAA15,TXNDC12,SH3KBP1,LOC100507577///LONP2,TMEM14B///TMEM14C,USP25,SPNS1,BHLHE41,MKNK2,G2E3,POLK,CTDSPL2,ELP5,RAVER1,BLOC1S4,TMEM175,EXOSC3,MGEA5,DNAJC27,INIP,SLC12A6,ABI3,CELF4,ATG10,PATJ,TPK1,ARSD,RTBDN,GTF2H2C///GTF2H2B///GTF2H2,OTP,CLN8,CHFR,NIN,IL17RB,NPFFR2,IL17RB.1,ZCCHC2,SLC38A1,SLC44A2,TNRC6A,OTUD5,FAM96A,ARRDC3,GET4,UBTD2,DANCR,SCD5,TTL,NFIA,AKT1S1,CAMK2D,ULK3,RABEP1.1,KMT5A.1,SESN3,EIF2AK4,RAB11FIP1,TTC14,FAM199X,CC2D1B,CCDC50,ARL8A,PGM2,KLF13,MED1.1,AKT2,ARID2,PCED1A,MAP2,SH3RF1,DPY19L3,ARL6IP6,SYNPO2,FBXO32,TEF,SLC35F5,SYNPO2.1,TMEM64,ATXN1L,RPS16.1,ZFHX3.1,SNRNP48,GORAB,APH1B,SLC35F5.1,PPIL4,DCAF10,PODN,CD109,SLC9A7,PSPC1,SAMD9L,SENP1,RAD54L2,ABHD15,OGFRL1.1,NUCKS1,UBR1,DNAJA2,SOWAHC,CSPP1,STARD9,ZNF706,EVA1C,MRAP2,PARS2,GABPA,APTR,CD274,NT5E.1,SAMD4B,CDPF1,RHEB,DCLK2,LYRM2,CPAMD8,TMEM63C,RUFY3,SHD,MVB12A,KPNA5,FGD4,ITPRIPL2,CYB561D1,SOX2,SNORA72,C17orf96,LINC01296///DUXAP10///DUXAP8,CCDC66,DDX60L,SLC30A1,FOSL2,N4BP2,RICTOR,ELAVL2.1,GRASP,FKBP11,CARNMT1,CEP44,HEATR1,R3HCC1L,NUTF2P4///NUTF2,PLIN4,NAALADL1,ABHD2,PFKFB4,TMEM170A,L3MBTL4,CHDH,KCNQ3,URM1,SAMD5,USP30-AS1,LOC101927027,PRKCB,CPNE4,ORMDL1,STAC2,PDK3,RSBN1L,DLG2,ZNF677,RC3H1,EHD4,SPATA5,MINA.1,JPH1,PRTG,HAUS2,MIR4723///TMEM199,PCNX1,NADK2,KPNA5.1,RIMKLB,CCDC186,TIMM23B,GRAMD2,HIRIP3,TMEM86B,CEBPZOS,RMST,TIGD3,MCOLN3,CBWD7///CBWD6///CBWD3///CBWD5///CBWD2///CBWD1,LOC644656,ZDHHC22,ARMC7,SLC6A17,THSD7A,FNBP1,NCS1,RNF165,F2RL2,NSMF,RAB7B,LOC101930115///C16orf52///VWA3A,MBLAC2,GPR161,THAP2,RFX3,C5orf56,MORC2-AS1,LOC728705///TMEM263,LRRC46,ARNT,TSPAN12,FRMD3,IGSF10,LCN12,CISD3,SGCD,ZDHHC8,CCDC151,LRP2,TTLL3,BAG2,USP7,SLC35G1,PDE6D,PDE1A,GIPR,CPNE4.1,DHDH,LOC729966///PDE4C,MPZL1,ADH4,LOC729218///GTF2IP20///LINC01061,RAVER2,KIF21A,GABPB1-AS1.1,ERCC6L2,ZNF678,SLC39A3,LOC100996693///SPEG,RNF213,PPP1R3F,RUNX2,SLC6A15,ZFYVE28,TMEM132A,EMX2OS,LRRC29,DAAM1.1,POLR2F,SYT11,LOC221272,TRIM69,ZFP92,LOC100507642,ZNF341,FAM135A,PPP4R3B,KLK4,CACNG8,ZNF7,RUNX3,RBM24,LIX1L,CLUAP1,SEC22C,FOXP2,EXOC3-AS1,GXYLT2,ERCC2,RABGEF1,CFLAR.2,SMAD2,LOC101928963,TMEM218,PAX6,TMEM170B,PRSS35,XPO1,MYO19,LOC100130175///BBIP1,SYNCRIP,SP4,SEC22C.1,PDE3A,RFESD,ATP6V0E1.1,ARHGEF26-AS1,LOC729683,LRRC10B,LOC100129380,CFC1,LOC158402,ADAT2,TMEM132B,SCFD2,MIPEPP3,CCDC173,LOC101930388///LOC101928143///NUMB,UBQLNL,LOC390705,USP51,HHIP,TMEM56,LZTFL1,XKR4,C16orf72,TCF12,RBM12B,LOC100996246,TRIM46,TUFM,SPRN,TRERF1,RUFY2,CAMK2G,TSHZ2,ATP6V1G1,VWA3A,KCNK9,TM9SF1,LOC102724965,TSR1,NAA50,CPNE9,ZNF542P,DGKZ,ATP2B2.1,PSMA3-AS1,CASC10,LOC101060179///PRDM11,LRRC7,ADAM11,CFAP52,UBTF,C10orf53,PCBP1-AS1,SEC14L2,C15orf40,CSMD3,PCDHB4,PKP4,HS3ST5,KCTD4,HBS1L,AGO3,ANKRD20A11P,CXorf36,IPP,LRRC4C,WIPF3,JMY,RUFY2.1,LOC728485,MATR3,LINC00466,MCOLN3.1,RASSF8-AS1,KCNH5,LINC00938,CBLN4,PIGB,KDM4D,ZNF682,CNTRL,MOB3C,LINC01532,INO80D,ANKIB1,LOC102724975,FGF14-AS2,SLC38A11,FOXP2.1,CDO1,RAB29.1,HEXIM2,GUSBP4,DIS3L2,CRB1,DNMT3A,TMTC1,RGS8,NUP210P1,GART.1,SHROOM4,GDPD5.1,CD52,PARVB.1,PARVB.2,ZNF710,ZNF500,GMEB2,UBAP1,PIGV,TXNRD3NB///TXNRD3,target
5,14,8,4,5,67,6,7,4,18,13,9,10,30,25,7,9,399,9,386,6,59,12,6,29,5,5,8,4,17,8,4,91,37,22,23,1924,4,8,7,53,12,7,6,10,89,6,28,29,14,4,15,14,5,5,21,331,531,5,9,26,4986,11695,12626,571,449,182,9740,29,20,1229,697,133,137,416,87,941,6259,525,343,147,4674,1219,345,785,1421,380,13,18,772,2318,49,75,5492,14,3,4479,69,15,1925,663,231,403,336,65,1308,143,26,8,960,1725,13978,11,1134,2685,89,735,31,83,106,804,111,127,150,1813,8,73,39,245,502,75,1589,355,89,286,254,6461,49,9,2813,25,18,29,129,130,53,627,4344,180,18,230,7,1428,455,5,257,318,8,453,10,405,13,1076,54,642,668,36,4,6,10,109,4,14,74,100,14,36,15,51,1584,13,12,13,7,191,16,120,121,227,4,14,7,92,64,116,1412,93,3,7,162,6,257,304,201,4,5,5,5,9,12,7,7,14,1016,113,8,453,629,986,822,1234,765,1558,730,1200,4,11494,551,845,949,84,19,76,839,9,1358,15,25,303,19,5,18,56,3628,12,528,30,144,18,21,212,23,22,85,86,71,1442,5,55,9,17,91,4,193,41,430,161,166,6,70,100,86,5,5,3409,10467,72,440,143,3897,815,368,593,2410,4,378,605,42,530,125,217,138,3055,178,177,160,511,482,321,100,1061,82,365,161,4544,2254,124,1358,93,1160,3572,42,2673,371,7218,487,2069,57,1040,39,6,312,41,72,217,5,636,19,592,1199,1759,138,10,249,5,3076,29,270,6,19,12,621,5,40,7,42,5,10,14,6,13744,11,439,187,188,365,149,89,1852,4,120,129,7,107,79,8,39,61,6,839,96,9,141,8,77,292,277,118,4,43,273,605,64,5,6,130,17,4,25,5,4,5,9,12,27,217,11,490,562,192,630,115,110,42,74,2327,204,151,20,7,42,592,107,278,10,12,23,26,14,142,1351,51,9,19,255,19,248,29,38,6,14,31,438,34,12,209,11,14,26,440,48,37,8,342,5,7,299,6,47,135,21,31,34,10,46,43,58,3244,44,14,9,363,9,11,14,782,7,3,5,14,9,196,11,228,5,176,4,8,21,10,36,88,11,8,1275,4112,55,5,7,3,5,354,1379,1676,197,1514,205,38,180,1129,178,674,66,811,5,387,1501,798,4,64,987,8,179,6,104,5,55,7,118,5,6,109,6,457,23,767,669,875,3502,105,56,9,197,79,8,9,354,19,245,19,8,352,91,45,10,9,987,57,544,23,7,160,284,7,225,56,9,223,6,39,6,1948,146,425,508,876,163,6,305,329,8149,744,1101,75,5986,85,1213,11,2595,317,32,677,1501,87,57,720,52,1158,48,71,70,86,17108,303,603,5,9,98,601,165,27,169,398,13690,217,9,177,253,284,77,103,7,17,905,292,8,69,64,6,3861,4129,1327,1109,26,172,6,2198,31,629,60,57,79,3,10,162,53,24,600,395,26,87,216,7,35,792,1092,11,28,1874,7,95,13,38,9,14,41,28,1468,1610,168,414,271,108,5,11,173,19,7,47,3,58,9,123,907,7,7,9,6,272,832,10,20,1191,186,897,130,10,16,21,14,316,4,105,9,1108,163,414,217,13,46,3,20,9,207,10,7,27,162,7,78,6,569,111,20,5,14,5,5,3,1801,411,15,7,694,28,91,7,22,10,6,106,18,27,45,34,262,17,107,8,5,138,6,5,2382,4,240,6,5,4,6,125,84,286,300,24,76,4,87,7,105,7,8,49,13,530,5,43,80,118,17,6,152,6,6,32,679,5,8,9,9,277,5,4,28,20,30,221,14,16,46,20,31,14,232,870,92,248,24,32,11,469,463,7,4,5,82,8,167,5,11,5,9,529,47,78,10,11,5,6,39,124,396,29,1440,12,16,26,5,87,6,29,135,13,7,37,8,6,11,6,6,70,6,12,27,5,617,92,38,32,891,247,14,6,5,4,19,9,425,80,51,59,1246,18,18,230,6,27,335,22,9,363,16,19,4,3,122,10,11,673,43,6,158,65,5,5,5,18,6,18,5,12,15,5,89,6,7,125,13,5,283,6,12,33,98,8,9,16,28,14,31,271,185,5,0
6,16,10,5,6,54,10,7,5,14,9,9,14,22,22,7,9,389,10,260,7,29,15,6,34,6,6,7,5,12,10,5,85,34,25,24,2099,5,10,8,71,15,7,6,11,54,6,45,30,16,5,16,10,6,5,44,158,250,6,6,24,4450,9657,10762,415,162,140,10926,31,20,937,651,122,28,367,64,873,4000,354,341,159,4444,1113,299,461,888,282,13,14,751,1686,33,70,3723,14,4,4303,30,12,1112,545,204,265,407,68,1051,91,18,9,808,1566,13363,11,779,2117,58,586,53,88,70,1009,115,131,91,1743,9,52,40,176,428,71,1250,255,101,289,243,7857,37,9,2350,23,15,25,52,70,48,696,3499,34,17,212,6,1232,358,6,160,154,8,601,6,269,13,744,55,721,356,29,5,7,11,51,5,12,115,71,15,30,12,30,1047,12,11,10,8,76,14,37,55,320,4,6,8,94,50,121,1573,152,4,6,118,7,246,246,160,4,5,6,5,9,10,7,7,12,931,75,9,345,621,700,585,899,655,1587,584,1292,5,10867,323,802,995,66,11,52,829,10,1086,13,24,397,7,5,16,50,3042,10,420,20,143,12,18,154,24,24,85,93,57,1632,6,75,10,19,110,5,152,39,380,129,87,7,43,96,60,6,5,2934,7992,74,374,154,4824,630,286,315,1895,5,184,429,31,405,149,145,106,2465,174,107,121,431,470,198,56,1399,56,282,121,4479,2331,154,1340,55,949,3869,28,2316,486,6419,302,1365,33,1054,36,7,254,42,85,202,5,684,14,389,1318,1499,104,9,298,5,2672,22,232,7,17,10,612,6,42,7,23,6,7,16,7,15454,13,354,202,183,273,92,79,1397,4,131,88,7,96,57,9,42,65,6,649,96,9,83,6,57,222,342,129,5,10,242,671,82,5,6,113,15,5,41,6,5,6,8,13,28,192,12,497,382,273,424,97,101,26,66,2318,195,150,17,4,47,638,125,135,5,14,21,27,15,160,1015,70,7,21,256,21,225,48,66,5,13,44,457,35,8,187,7,16,28,261,21,26,5,248,4,6,171,6,39,154,26,33,29,7,54,42,61,2538,48,14,13,258,10,12,7,1131,8,3,5,12,11,123,12,364,6,127,4,10,11,6,28,130,15,9,1223,4088,56,5,8,4,5,86,1358,1478,242,1132,195,15,162,1121,155,761,59,602,6,291,1205,831,5,64,786,8,90,6,96,6,32,7,59,6,7,74,11,309,30,691,507,656,3359,86,44,10,172,58,9,10,302,15,232,13,10,318,56,47,12,10,788,35,295,23,8,174,166,7,220,48,6,137,6,19,7,1706,107,332,542,733,141,7,257,244,8726,543,893,68,5260,63,1075,8,2881,238,33,521,1514,35,29,481,49,901,22,66,43,55,16336,141,533,6,11,105,611,196,25,107,444,12511,96,9,85,201,306,90,100,6,13,780,225,9,49,57,7,3177,3792,1193,1037,11,144,7,1885,26,425,61,52,59,4,10,122,53,14,422,350,26,78,168,8,26,627,709,15,22,1663,7,95,9,18,14,14,12,11,1168,1112,154,468,245,31,6,7,221,24,7,43,4,37,10,71,1144,7,8,14,6,191,912,10,16,978,105,846,101,8,9,22,17,258,5,107,8,930,191,275,206,9,15,3,14,5,147,9,5,20,286,7,48,6,411,103,23,5,13,6,8,4,1457,516,17,8,549,25,64,6,21,18,7,112,34,30,36,51,261,18,53,8,6,17,7,6,2331,5,285,6,6,5,6,120,81,169,156,12,84,5,77,7,77,5,8,47,16,316,5,33,80,100,18,6,290,6,6,19,465,10,12,11,9,299,6,5,20,11,38,94,15,11,35,17,23,13,164,979,43,200,35,32,8,302,209,6,5,5,81,9,130,5,5,5,9,471,28,94,13,11,5,7,11,37,426,27,1841,9,13,19,5,70,7,33,95,14,7,110,8,7,7,7,7,52,8,14,23,6,698,64,21,30,1116,272,11,6,6,5,16,10,332,77,32,70,1643,10,13,219,7,30,393,20,8,541,12,19,5,4,111,15,7,861,45,7,125,60,6,6,6,13,6,10,5,15,16,5,88,7,5,76,9,6,295,7,19,11,119,14,7,5,28,10,22,282,138,5,0
6,15,9,5,6,55,11,14,5,14,9,9,13,23,25,13,9,313,10,242,7,20,14,6,30,6,6,7,4,12,8,5,115,25,26,22,1708,5,3,9,69,12,7,7,12,80,6,35,30,18,5,16,11,6,5,37,259,732,6,6,45,4868,11278,11298,534,44,140,9721,30,20,849,482,157,183,284,66,1018,4895,457,517,127,3220,1088,402,655,709,247,13,14,753,3190,56,65,4473,10,4,3917,36,16,1073,701,209,565,440,64,1356,112,56,9,726,1023,13060,12,2268,2038,67,909,27,86,81,909,106,86,142,1597,28,50,41,173,560,72,985,304,39,284,181,6298,53,9,1749,25,15,25,33,70,43,447,4138,148,17,293,6,1314,441,6,115,216,9,331,6,294,21,535,55,579,309,29,5,7,10,64,5,11,56,70,18,47,14,26,996,10,12,10,8,113,14,46,8,202,4,6,7,82,48,121,270,101,4,6,118,7,224,199,203,4,6,6,5,9,11,7,7,21,1149,130,8,334,582,687,855,617,342,1526,926,1654,6,13977,453,603,1039,49,10,53,928,12,852,27,24,232,6,5,16,75,2444,12,419,24,124,12,19,154,26,21,85,99,57,728,6,60,10,21,79,5,178,20,175,93,98,6,74,102,59,6,5,2613,8131,75,431,223,2239,662,529,422,2046,5,250,557,28,638,82,192,105,900,207,94,139,393,472,395,171,1361,95,265,121,4056,2480,157,1283,97,1114,3254,32,2291,329,7888,294,857,46,811,52,6,537,42,69,92,5,359,13,468,790,854,143,9,305,5,2729,21,306,7,20,9,326,6,46,7,10,6,7,18,7,16631,12,805,172,101,267,136,110,1421,4,109,45,10,100,67,9,36,32,6,690,92,9,121,14,130,173,278,107,5,43,240,698,67,5,6,72,18,5,46,6,5,5,8,13,32,250,12,547,275,230,397,111,140,28,60,2506,188,236,17,4,29,314,120,135,5,26,21,27,15,150,1030,122,7,21,286,20,418,42,41,5,15,43,453,35,9,160,7,20,28,367,19,26,5,296,4,9,185,6,43,138,27,43,36,8,81,41,47,1966,70,15,10,423,10,12,7,953,8,3,5,12,11,162,10,219,6,127,4,9,12,6,32,74,13,9,828,2718,55,5,8,4,5,205,1874,1573,275,1085,262,15,199,1135,156,976,59,595,5,394,1043,762,5,87,1003,7,111,6,113,6,43,7,58,6,6,57,28,428,20,407,467,835,3860,92,44,11,236,80,7,7,275,15,208,12,9,447,69,47,12,10,765,33,81,23,8,166,193,8,205,54,7,123,6,10,7,1715,68,450,642,826,317,7,212,202,8825,692,1250,49,5159,88,858,7,3117,291,33,638,1251,41,35,466,38,960,23,65,52,64,15250,238,422,6,11,135,351,219,25,144,439,12868,158,9,85,286,322,117,85,6,30,616,190,11,49,67,7,4375,4457,998,650,13,209,7,1125,48,318,72,79,44,4,10,119,51,13,327,498,28,103,272,7,30,570,1219,14,22,1981,7,77,20,36,16,14,15,28,1946,1511,188,236,196,53,6,7,213,26,9,35,4,62,10,42,949,7,8,16,6,187,1749,10,33,1018,121,756,125,9,9,24,15,242,5,95,8,717,157,292,240,10,15,3,15,5,154,26,5,22,214,7,60,5,330,59,23,5,14,6,5,4,1631,498,17,9,426,31,58,6,26,19,8,139,34,35,58,31,258,18,259,10,8,37,9,6,1819,5,512,6,6,5,6,143,47,211,488,13,244,5,92,7,70,8,8,44,20,428,5,47,93,119,18,6,265,6,6,20,497,6,9,10,15,308,6,5,27,7,27,132,14,11,49,17,33,13,200,822,30,244,38,51,8,352,385,6,5,5,62,9,139,5,5,5,9,274,39,177,12,11,5,7,11,129,548,20,1177,9,14,25,5,65,6,27,113,16,9,230,8,7,7,7,7,68,7,14,21,5,741,100,19,37,866,276,11,6,6,4,16,10,333,73,33,62,858,11,14,303,13,28,469,20,9,641,12,38,5,4,131,24,13,284,44,6,125,75,6,6,7,13,6,10,13,24,16,5,128,8,6,79,8,6,185,7,33,31,109,18,7,5,30,9,24,269,160,5,0
5,15,8,4,5,53,10,7,4,14,8,9,13,24,47,6,9,413,10,221,7,32,12,6,27,5,6,7,4,36,9,4,114,31,23,22,1621,5,5,8,66,12,7,8,10,66,6,38,34,16,4,15,9,5,5,13,356,408,5,6,34,4775,10683,10941,465,203,154,10671,29,21,911,381,134,28,275,63,651,5019,336,515,147,3913,1440,272,558,533,268,13,14,1049,2247,40,67,6066,15,4,4585,72,13,813,673,265,386,325,75,1299,82,258,8,816,1222,12506,11,1275,2823,86,807,47,84,92,520,103,74,114,2414,16,57,45,176,482,53,1664,971,58,264,220,7408,35,8,2353,24,15,24,60,70,41,741,5137,44,16,241,6,1683,376,5,204,169,8,577,5,206,11,602,55,765,407,34,5,7,10,96,5,12,109,68,14,22,14,44,1356,11,13,12,7,112,14,55,53,342,4,6,7,102,100,141,1103,101,4,5,80,6,364,146,189,4,7,6,5,8,82,6,7,10,844,100,8,405,575,559,808,772,436,1681,385,1600,5,10756,482,868,1155,68,10,83,372,10,1045,13,23,250,6,5,16,55,2684,12,643,18,59,12,19,193,32,22,80,109,70,1158,6,100,10,17,119,4,169,71,290,127,113,6,78,96,58,6,5,3960,8639,69,388,201,3994,841,393,455,1542,5,290,616,33,397,69,411,137,1853,210,145,123,654,707,375,180,1058,128,260,117,5212,2927,122,1438,75,1306,3337,31,2283,295,7771,369,1319,34,1066,50,6,441,41,78,279,4,403,13,338,1059,1803,144,9,233,5,2635,29,281,7,20,10,621,5,37,7,18,5,7,15,7,15232,14,328,228,141,260,78,94,1629,4,180,153,7,94,103,8,60,79,6,749,82,9,158,11,70,206,272,71,5,19,222,607,54,5,6,79,15,5,44,5,5,5,7,9,35,251,11,488,531,187,520,103,71,20,57,2177,222,174,20,4,22,435,121,134,6,19,21,29,15,162,853,55,6,20,280,20,362,39,40,5,12,25,350,34,8,212,6,20,27,175,19,24,4,242,4,6,235,5,61,136,26,30,34,11,58,38,44,2216,44,9,9,261,10,10,8,855,7,3,5,12,9,209,8,360,5,119,4,9,11,11,27,83,13,9,1163,3233,41,5,7,4,5,188,1785,1425,213,1326,251,29,170,898,189,969,58,688,5,400,1069,515,5,62,855,26,131,6,92,5,75,7,94,6,6,69,6,416,24,687,465,850,3601,95,49,10,176,50,8,10,226,14,268,12,9,516,54,46,12,10,885,41,262,21,5,186,168,7,388,51,6,80,6,12,7,1810,102,468,486,674,188,7,365,182,9228,880,999,53,6335,86,1261,7,2920,285,28,384,1745,39,17,478,17,1016,32,52,45,59,17396,279,467,5,11,149,696,221,24,140,463,13214,74,9,78,185,323,62,107,6,15,886,286,9,59,81,7,4163,4885,1216,1141,18,197,7,1657,68,299,49,43,64,4,8,100,50,15,386,492,21,77,353,7,15,696,725,13,21,1708,7,159,28,35,13,18,49,17,1620,1239,154,477,172,54,5,7,191,12,7,35,4,51,13,88,1188,7,7,10,6,364,1936,9,13,1416,151,859,121,11,9,16,15,351,5,162,8,1192,143,361,191,9,49,3,19,5,215,9,5,15,194,7,85,5,402,123,28,5,7,6,5,4,1751,564,16,8,311,24,107,6,24,9,6,146,32,30,32,72,259,13,113,7,7,242,8,6,2935,5,566,6,7,5,6,182,83,176,220,18,283,4,73,6,67,5,8,65,14,276,5,30,86,99,18,6,181,6,6,25,409,5,8,11,9,335,6,5,21,7,38,129,15,11,48,16,33,13,116,1182,42,117,40,32,8,281,390,6,5,5,77,8,115,5,5,10,9,491,59,124,12,11,5,7,11,129,521,33,1524,9,13,17,5,70,6,16,135,16,6,296,8,6,7,9,7,85,7,13,19,5,751,101,19,36,1189,317,11,6,5,4,28,10,130,132,34,65,1626,42,18,238,6,19,330,20,13,698,12,49,5,4,113,23,10,551,42,6,188,53,5,6,5,13,6,10,7,12,16,5,163,6,5,30,9,5,200,6,61,18,108,17,6,5,27,9,26,366,121,5,0
5,14,8,4,5,159,6,6,4,15,8,7,11,22,42,7,9,249,9,239,6,94,10,6,33,5,5,8,4,19,8,4,128,34,21,29,1386,4,8,7,34,12,7,6,13,60,6,43,41,18,4,14,11,5,5,34,374,334,5,5,11,4799,11214,11384,328,304,118,10646,35,19,1152,710,138,35,390,101,755,5755,358,368,150,4069,1186,394,1032,648,127,13,29,714,2986,33,83,5115,14,4,4121,132,13,1388,634,202,351,260,66,1331,75,18,8,922,1703,12979,11,1284,2692,82,659,49,62,149,365,107,133,163,1936,32,45,39,239,435,75,1357,309,39,376,247,7563,51,13,2547,23,17,26,104,63,36,751,4597,19,26,186,7,1755,489,5,181,281,11,446,12,242,22,584,72,891,416,27,4,6,10,80,5,9,58,78,14,53,17,52,1362,10,16,11,7,93,15,99,12,226,4,8,7,270,112,177,574,124,3,5,108,6,321,133,400,3,6,5,4,10,24,8,6,11,860,144,8,314,709,658,469,799,399,1569,766,1283,4,8481,485,604,1007,48,11,103,491,7,1232,18,24,170,7,5,11,56,2542,14,407,17,82,13,17,236,40,20,93,97,91,1121,5,91,10,18,116,4,101,86,170,111,149,6,71,80,91,5,5,2830,9386,72,503,185,4256,706,275,421,1378,4,590,631,31,477,61,110,167,2476,143,96,117,434,572,502,154,751,86,221,166,4304,2611,111,1404,62,1387,3300,34,2307,365,7155,435,1955,29,1193,33,6,513,36,94,210,4,422,25,332,767,2134,164,8,223,5,2550,28,247,6,17,9,364,7,49,7,29,5,10,22,6,16762,14,216,163,167,339,96,140,1903,4,178,138,7,108,88,13,35,67,6,815,74,10,165,9,47,278,264,53,4,37,150,624,64,5,5,89,13,4,29,5,4,5,9,11,24,157,11,479,401,256,659,127,134,36,60,2095,191,193,25,5,43,572,108,232,7,33,21,26,11,86,781,117,7,16,243,20,201,30,43,5,5,49,413,32,9,206,6,14,25,362,33,39,5,291,6,6,714,6,84,99,24,19,39,25,44,36,61,2859,70,11,9,148,9,11,9,1015,11,3,5,18,10,223,7,527,5,167,4,9,16,10,27,83,8,8,1094,2992,57,5,10,3,5,356,1327,1004,271,1210,239,38,137,1048,139,736,72,740,5,428,1353,458,4,63,720,8,117,6,81,5,93,7,114,5,6,82,6,404,30,699,681,858,3341,108,55,19,167,62,6,9,383,14,233,15,8,439,95,45,14,9,1003,58,203,26,8,235,294,7,286,48,6,76,9,12,6,1829,75,396,565,655,152,6,293,266,6939,909,721,86,6290,85,1370,20,1567,289,32,686,1474,54,31,557,25,1251,68,71,83,71,16636,350,456,5,10,156,584,137,38,206,420,13645,83,9,96,250,209,75,99,6,12,865,261,9,66,74,6,2894,4021,1120,1142,17,115,6,2217,43,464,49,45,73,3,9,195,51,15,497,458,25,120,175,11,29,584,693,15,33,992,7,146,13,39,13,12,20,20,1527,1902,177,501,165,69,5,7,198,18,7,41,3,58,11,60,1150,7,7,9,6,474,1811,10,17,1856,142,1021,64,8,9,18,17,465,4,140,9,925,86,293,239,9,75,3,14,6,192,34,5,55,119,7,221,6,607,174,27,5,15,5,6,3,2230,388,11,7,375,28,63,6,22,9,6,183,18,26,52,28,363,16,157,8,5,74,6,5,2563,4,534,6,5,4,6,128,58,417,95,13,115,4,110,6,79,5,7,64,14,223,4,38,82,113,17,6,150,6,6,31,478,5,8,9,16,277,5,4,20,20,34,184,18,14,44,16,30,13,156,1003,23,252,34,75,7,366,455,6,4,5,70,8,143,5,20,4,8,247,44,115,11,11,5,6,18,132,382,33,1284,8,13,17,5,95,6,26,142,13,6,376,8,6,8,6,6,86,7,36,26,7,859,95,21,41,1039,344,19,7,5,4,20,9,435,82,46,76,1020,20,23,231,6,25,436,37,14,663,14,26,4,3,135,16,10,361,39,6,91,85,5,5,5,13,6,18,27,32,15,5,156,6,5,72,12,6,285,6,21,21,123,22,10,8,24,10,32,282,171,6,0
5,15,9,4,6,52,10,7,4,15,10,9,13,22,24,9,9,533,10,242,7,20,13,6,32,5,6,7,5,17,10,4,69,37,23,22,1999,5,7,8,65,12,7,6,9,49,6,34,27,16,4,15,10,6,5,53,445,278,5,6,68,5207,11280,12947,537,316,152,10622,30,21,1037,655,150,25,426,60,1062,5443,373,457,216,4717,1324,196,453,756,243,14,14,522,2053,41,62,4990,14,3,4119,36,13,967,648,208,406,432,69,1432,97,28,9,786,856,13205,11,345,1699,66,824,66,89,80,825,96,162,195,1932,6,70,40,169,628,54,1639,260,122,236,145,4709,30,8,2395,24,15,19,82,73,54,517,3647,120,17,263,6,1332,297,5,292,218,8,484,6,405,14,619,75,399,627,28,5,7,10,91,5,10,24,113,14,30,14,44,1207,11,15,12,7,115,14,140,53,374,4,6,9,113,60,115,1472,103,4,5,178,6,203,269,266,4,5,6,5,8,9,7,7,12,1004,76,9,249,484,877,714,672,466,1840,904,1408,5,10313,558,776,1356,76,11,64,834,9,1147,15,24,341,7,5,16,45,3410,12,502,27,233,12,15,149,30,22,85,91,62,1807,6,57,10,18,155,5,205,39,415,129,95,6,97,103,67,6,5,3549,8730,74,465,135,5092,873,456,506,2078,5,209,878,32,304,111,197,94,2509,241,150,142,423,399,233,103,1228,102,276,119,4912,3015,147,1407,84,1132,3480,30,2457,371,6647,400,2516,38,865,55,7,219,39,43,250,5,648,13,375,1168,1420,160,9,325,5,2973,24,236,6,12,10,599,6,36,8,39,6,7,15,7,15462,11,288,264,194,288,108,78,1409,4,143,208,7,112,85,8,45,63,6,865,78,9,108,8,91,216,288,133,5,10,267,780,68,5,6,82,16,5,42,5,5,5,6,17,27,228,11,531,483,182,398,83,92,25,66,2169,239,129,20,4,51,776,122,129,5,11,21,29,15,161,1295,56,6,20,322,22,324,39,40,5,25,40,543,35,8,131,7,15,27,394,20,25,5,368,4,6,214,6,48,137,27,33,35,8,30,39,61,2674,54,14,10,354,10,11,7,362,7,5,5,12,11,104,9,150,5,142,4,9,12,6,28,109,14,9,1293,3422,51,5,8,4,5,132,1744,1581,271,1350,244,15,144,1107,209,892,52,731,5,399,1359,771,5,62,1049,7,202,6,98,6,35,7,59,6,7,90,6,448,35,720,409,867,3421,114,36,10,170,78,11,9,275,14,277,12,9,714,53,46,16,10,867,36,568,22,8,181,175,7,244,45,6,179,6,25,7,1369,116,516,463,789,187,7,251,161,8787,541,1159,58,6349,101,1057,7,3440,316,35,611,1646,55,30,433,46,940,23,66,51,54,16803,126,632,6,10,104,464,233,25,129,401,13223,147,9,110,264,304,123,103,6,16,890,196,10,50,66,7,3988,3696,1148,1150,17,248,7,2160,25,269,65,66,70,4,10,109,53,11,371,379,18,61,220,6,20,954,863,13,22,1846,7,70,8,39,13,15,12,24,1414,1008,152,412,297,71,5,7,175,14,7,41,4,59,9,174,748,7,7,10,6,164,400,10,13,878,131,797,146,8,9,24,16,399,5,100,8,1045,198,442,238,9,25,3,13,5,228,6,5,20,337,7,47,6,362,131,23,5,12,6,5,4,1599,533,16,8,640,30,57,6,25,9,6,109,45,29,33,56,255,18,81,9,6,179,6,6,2929,5,138,6,5,5,6,197,77,132,112,11,150,4,60,7,86,5,8,39,14,342,5,39,72,104,18,6,224,6,6,24,543,5,8,9,9,289,6,5,21,7,34,155,13,11,47,17,32,13,201,1113,47,238,27,28,8,353,390,6,5,5,77,8,204,5,5,5,9,510,45,154,12,11,5,7,17,65,501,26,1691,9,13,27,5,75,7,22,137,15,6,38,8,6,7,6,7,41,7,14,19,5,621,117,41,26,1366,206,11,6,5,5,16,10,431,84,32,67,1806,9,17,241,7,22,394,18,9,585,13,18,5,4,145,11,12,1070,47,6,150,48,6,6,6,13,6,10,6,12,16,5,135,6,6,73,9,6,329,7,19,11,38,9,6,5,32,9,21,268,167,5,0
5,14,8,5,6,52,9,7,4,15,16,7,12,46,20,7,11,650,9,356,6,31,11,6,30,5,5,7,4,20,8,4,227,39,21,30,1766,4,9,7,56,12,7,6,13,73,6,40,40,15,4,19,18,5,5,18,369,237,6,9,14,5364,11680,11699,566,177,152,10335,30,19,1139,718,162,304,402,77,984,5683,438,454,116,4210,1300,546,800,1181,347,20,26,787,2718,46,71,5522,16,3,4324,73,19,2428,620,220,326,333,67,1311,155,83,8,979,1395,13523,11,1093,2513,99,861,43,81,123,785,112,101,152,1947,32,67,39,187,464,68,1175,419,51,355,224,8096,59,9,2318,21,16,44,106,118,53,891,4811,24,18,323,6,1854,377,5,193,312,9,452,9,337,19,1108,79,736,521,53,4,6,12,79,5,19,120,78,19,43,13,65,1895,10,13,12,7,71,18,75,71,207,4,10,7,145,132,178,920,98,3,8,138,6,275,300,272,3,8,5,4,8,47,9,7,14,1144,119,7,470,747,992,762,1292,1025,1681,748,2033,4,13181,465,847,1064,41,23,69,674,8,1249,12,23,286,8,5,33,30,3328,13,453,34,193,14,13,193,23,20,99,87,56,1383,5,82,9,17,115,4,154,90,437,82,135,6,75,98,103,6,5,3328,9740,81,453,191,3357,856,392,598,1989,4,329,578,35,534,158,210,152,1843,212,141,169,557,988,319,116,894,83,278,134,4607,2528,121,1434,76,1152,3268,43,2483,364,7564,407,1415,50,902,46,7,566,48,93,232,5,617,13,520,785,1982,131,8,322,5,2764,25,257,6,27,11,621,5,53,7,32,5,16,18,7,16509,11,207,168,195,267,223,134,1980,4,145,183,7,108,80,8,33,82,6,721,96,15,139,8,66,238,456,130,4,32,243,540,64,5,5,114,22,4,39,5,4,5,9,12,27,171,10,725,458,218,600,95,131,30,70,2112,203,232,20,5,43,605,111,162,13,21,22,26,15,157,1661,105,10,20,207,16,265,54,48,6,5,33,424,33,18,300,8,15,26,349,33,37,6,274,5,6,286,5,76,123,21,36,33,12,60,48,66,2651,41,21,9,293,9,12,11,1562,7,3,5,18,11,193,10,349,5,138,4,9,23,11,31,97,11,8,1243,4194,55,5,7,3,5,237,1392,1283,299,1482,221,64,183,1223,134,776,65,675,5,387,1461,919,4,64,800,11,134,6,90,5,69,7,110,5,6,90,6,349,28,637,732,1011,3781,86,56,12,207,69,7,9,423,20,240,15,9,447,64,44,14,9,802,49,301,21,7,160,199,7,212,50,6,184,6,33,6,1814,147,397,525,781,227,6,327,353,8851,819,958,52,5518,72,1389,13,2189,340,26,554,1666,56,47,549,39,1307,56,66,51,70,16891,289,597,7,10,151,566,160,33,149,452,13026,141,9,149,247,317,107,97,6,14,796,232,9,75,80,6,3966,3452,1382,980,24,175,6,1960,46,428,63,54,98,3,9,132,50,30,503,372,27,91,225,11,29,796,877,12,37,1969,6,144,10,39,13,13,33,21,1448,1914,219,364,192,69,8,10,269,18,7,47,3,53,9,86,1051,7,7,9,6,417,1667,9,14,1533,189,944,142,6,9,23,16,280,4,107,14,1219,131,335,214,9,55,3,18,8,210,27,6,40,147,7,132,6,660,130,23,5,11,5,7,3,1578,405,15,7,603,30,66,6,24,9,6,118,32,34,39,86,278,17,155,7,5,119,6,5,2285,4,470,6,5,4,6,123,81,226,94,12,162,4,76,7,106,6,7,57,14,448,4,43,81,119,16,5,125,6,6,28,543,5,11,9,13,263,5,4,19,11,36,158,15,11,42,17,30,16,221,873,53,308,29,37,13,372,288,7,4,5,103,8,167,5,17,4,8,607,39,78,11,10,5,6,16,148,377,22,1225,9,16,27,5,63,6,22,138,13,7,377,8,6,7,6,6,58,7,31,24,6,791,93,30,47,1017,277,14,6,5,4,15,8,335,87,34,59,1146,17,16,210,6,26,341,30,14,416,13,21,4,3,100,35,14,342,39,6,142,51,5,5,5,15,6,10,9,22,15,5,82,6,5,128,9,5,255,6,20,22,141,31,7,7,23,9,41,321,171,6,0
5,15,8,4,6,54,11,14,4,13,10,9,13,40,35,14,9,383,9,275,7,20,13,6,32,5,6,7,4,13,9,4,82,41,23,26,1582,5,3,8,73,12,7,7,11,74,6,34,29,15,4,15,16,5,5,71,313,582,5,6,52,4352,10223,10938,514,137,118,9826,28,19,990,538,90,119,392,65,954,4190,448,449,164,4014,1080,515,472,1072,444,13,14,710,3294,35,62,4597,12,3,4103,35,17,1228,699,228,426,344,84,1405,111,38,8,686,1021,12667,13,397,2712,63,1110,52,86,73,763,107,121,155,1539,9,48,58,176,448,69,1129,272,31,231,265,7706,41,8,2029,23,14,25,87,95,49,470,3666,152,16,288,6,1633,344,5,172,255,8,444,5,353,16,617,56,790,489,28,5,7,10,96,5,13,49,68,17,46,14,26,1263,9,11,10,7,47,14,108,20,249,4,6,7,105,130,142,824,99,4,5,131,6,359,250,168,4,5,6,5,8,12,6,7,11,1074,159,8,301,580,528,713,782,620,1580,969,2027,5,11328,466,884,1033,39,10,59,735,8,1037,13,24,282,6,5,27,29,3098,12,573,27,196,12,17,128,18,22,83,121,57,959,6,86,10,18,73,4,187,23,274,125,96,7,47,101,55,5,5,3029,8390,89,467,139,4262,858,571,366,1309,5,219,572,32,482,108,201,106,1946,176,133,158,451,601,342,176,1113,70,301,125,4496,2593,162,1525,113,1092,3593,31,2507,374,6525,391,1280,33,893,67,6,332,32,61,210,5,612,14,406,924,1071,161,8,339,5,2428,20,262,7,19,9,402,5,34,7,24,5,7,15,7,15113,15,232,173,123,303,157,87,1408,4,109,94,7,110,61,8,37,71,6,824,98,9,100,14,144,267,398,137,5,10,303,642,66,5,4,75,15,5,41,5,5,5,7,13,28,303,12,580,362,300,489,96,155,27,57,2019,229,170,20,4,45,520,119,134,5,16,21,32,15,162,1329,62,7,20,265,20,312,56,40,5,8,80,480,34,10,222,6,17,27,233,19,23,5,358,4,6,307,5,52,216,15,39,39,10,56,38,59,1964,67,16,9,229,10,9,7,990,6,3,5,12,10,183,8,259,5,119,4,9,12,6,27,74,12,8,1028,2740,48,5,7,4,5,268,1702,1743,313,1281,296,29,147,1187,133,696,58,699,5,333,1115,616,5,62,947,8,113,6,92,6,36,7,103,7,6,52,36,417,27,506,575,739,3761,108,53,10,235,69,8,10,295,16,223,14,9,400,46,69,12,10,936,35,143,21,8,162,152,7,241,49,6,184,6,25,7,1592,117,492,587,782,186,7,244,215,9114,617,1115,57,5365,97,734,9,2675,262,32,575,1671,48,38,475,37,871,31,65,56,57,16297,343,548,5,12,121,450,199,24,126,415,12930,127,9,81,228,329,116,104,6,22,889,196,10,42,82,7,4424,4357,1190,763,16,205,7,1237,51,244,60,69,64,4,10,145,52,13,364,453,19,74,194,14,30,662,935,12,21,2162,7,105,8,38,13,15,12,24,1657,1413,180,366,230,68,5,9,178,19,7,41,4,63,10,84,1006,7,7,13,6,164,1093,10,18,985,150,843,164,8,9,27,17,258,5,136,8,739,145,295,245,8,22,3,15,5,176,15,5,23,212,7,83,6,358,204,38,5,16,6,5,4,1678,499,16,8,554,33,51,7,20,10,6,156,33,28,30,69,288,16,130,8,7,52,9,6,2377,5,259,6,5,5,6,225,65,135,336,11,170,4,81,7,51,5,7,39,14,421,5,47,71,112,18,6,334,6,6,24,421,9,8,10,9,368,6,5,21,8,38,128,14,11,57,16,32,13,213,947,47,212,33,32,7,607,314,6,5,5,92,8,233,5,5,6,9,310,41,199,12,11,5,6,11,182,507,22,1547,8,14,23,5,97,6,15,134,15,8,177,8,6,7,7,7,58,7,18,26,5,892,100,27,42,1067,251,11,6,5,4,15,9,340,89,48,112,1290,15,18,310,7,34,500,19,9,571,12,42,5,4,138,14,19,412,41,8,146,72,5,6,6,13,6,10,17,17,16,5,154,6,6,100,9,5,217,6,37,25,104,10,6,5,29,9,25,298,160,5,0
5,16,8,4,9,52,9,6,4,16,17,9,13,33,26,7,9,462,9,329,6,19,13,6,32,5,5,7,4,12,8,4,96,32,21,21,1607,4,9,8,64,12,7,9,10,81,6,33,28,15,4,14,9,8,5,69,374,585,6,7,38,5389,11264,10411,516,490,216,10679,28,19,1012,761,164,72,409,60,1107,5473,424,400,217,5027,1138,328,595,1256,371,19,13,621,1931,55,60,4724,23,3,4741,33,13,1213,705,204,336,298,81,1447,121,20,8,879,1109,13070,11,1573,1716,74,869,49,116,80,912,102,131,149,1783,8,86,39,175,673,68,1463,242,89,252,252,6254,18,8,2463,22,15,21,136,69,74,564,4404,90,16,353,6,1339,351,5,262,224,8,504,5,413,10,790,30,587,709,28,4,6,13,87,5,10,36,77,14,29,16,55,1323,11,16,10,7,159,14,206,60,289,4,6,7,151,75,119,1290,115,3,5,102,6,260,271,319,3,5,5,4,8,12,7,7,11,942,84,7,428,569,964,744,1245,848,1911,732,1214,4,10792,559,974,1035,54,22,80,697,8,1427,13,24,393,7,5,16,37,3441,12,516,19,232,12,16,160,29,31,83,104,56,1549,5,64,9,16,238,4,253,30,418,170,105,6,114,102,57,5,5,3664,10832,72,395,131,4125,897,293,552,2066,5,220,858,31,302,166,218,128,2951,196,118,134,448,644,194,71,1435,91,282,134,5174,2662,142,1251,99,899,3491,37,2476,369,7775,415,2091,46,1047,38,6,255,40,56,239,4,605,13,342,1084,1555,106,8,339,5,3024,19,256,7,21,15,494,5,36,8,22,5,7,14,7,17405,11,253,205,191,363,80,41,1783,4,189,117,7,109,78,8,41,61,6,799,97,11,84,10,65,270,435,138,4,26,267,622,60,5,6,106,14,4,40,5,5,5,7,12,43,180,12,638,646,163,389,95,100,32,61,2026,210,89,20,4,45,799,116,126,5,9,32,27,14,106,1587,47,6,20,246,19,301,48,45,5,7,25,540,31,8,163,6,19,26,226,21,23,5,347,4,6,238,5,57,134,26,37,34,7,33,36,59,2592,43,14,9,293,10,12,7,963,7,3,5,12,10,170,12,204,6,124,4,8,17,6,27,104,9,8,1179,3528,47,5,7,3,5,260,1799,1488,271,1618,189,15,174,1212,204,859,69,744,6,389,1757,779,4,67,901,8,150,6,98,5,37,7,64,5,7,100,6,384,21,790,558,873,3345,135,44,10,128,72,11,11,345,14,247,12,8,527,42,45,14,9,741,34,509,35,7,166,217,7,227,50,6,177,7,31,6,1595,139,479,477,920,209,6,393,257,8305,597,876,57,5352,75,1372,7,2554,346,36,693,1711,40,46,412,41,1032,30,65,51,57,14939,80,568,5,13,105,510,188,24,132,466,13272,100,9,115,213,333,164,101,6,16,905,233,9,48,66,7,4140,3694,1310,1037,19,228,6,2063,34,349,80,69,59,3,9,99,51,13,415,370,17,57,138,7,29,922,821,16,22,1931,7,47,15,51,13,15,18,24,1315,1295,139,520,268,70,7,7,172,19,7,41,3,64,9,75,1027,8,7,10,6,158,736,11,14,1003,187,763,188,9,8,18,17,368,4,164,10,918,293,341,257,8,15,3,13,5,262,8,5,32,204,7,53,6,425,151,21,5,17,6,5,4,1648,501,16,9,569,27,60,6,23,8,8,93,33,22,29,74,247,15,112,8,5,74,6,5,2335,4,206,6,5,4,6,128,79,80,287,10,81,4,87,6,76,5,10,39,14,401,4,38,71,114,17,6,184,6,6,16,686,6,8,9,8,384,6,5,29,7,34,173,16,18,47,20,27,11,188,928,56,339,26,30,9,271,257,7,5,5,75,8,167,5,5,4,8,477,41,84,11,10,5,6,11,76,410,25,1493,9,14,14,5,92,6,20,210,15,6,68,8,6,10,8,6,40,7,13,21,5,636,139,22,35,972,206,10,6,5,4,15,9,408,45,30,59,1473,9,14,194,12,32,364,29,8,617,12,15,4,3,111,12,11,704,38,6,156,33,5,5,5,12,6,9,5,9,15,5,136,6,5,92,9,5,359,6,18,13,63,9,10,5,28,9,21,282,118,5,0
5,15,8,4,5,77,11,6,4,13,13,9,13,31,42,7,9,528,9,363,6,84,12,6,32,5,6,7,6,13,9,4,112,30,19,22,1400,4,7,8,64,12,7,7,10,80,6,33,29,18,5,14,9,5,5,57,250,255,8,6,39,5821,11838,12190,594,351,177,9851,27,19,938,706,124,230,405,63,1212,6570,478,408,145,4465,1301,205,696,539,222,14,13,664,3015,54,60,5498,15,3,4234,35,20,1533,702,191,382,409,68,1416,163,17,8,742,952,16020,11,1076,2894,128,715,35,86,79,772,101,94,132,1931,8,79,39,173,615,64,1579,320,97,225,225,6025,30,8,2036,23,15,39,94,83,54,576,4933,92,23,284,6,1036,363,5,248,251,8,490,5,459,12,470,111,548,607,37,5,6,10,75,5,9,60,71,14,28,11,60,1270,11,11,10,7,110,14,124,38,270,4,6,7,142,134,109,864,98,3,6,191,6,244,284,240,3,5,5,5,8,24,8,7,11,1059,84,8,403,509,765,1064,821,570,1986,596,1222,4,13082,452,809,1500,65,14,82,538,8,1132,12,22,410,6,5,16,36,3145,17,656,18,170,14,17,187,28,21,83,97,56,1301,5,80,9,17,116,4,214,30,311,126,88,6,69,100,54,5,5,3573,8540,72,376,131,4220,920,319,487,2359,5,267,692,33,342,146,162,148,2297,184,115,104,567,379,409,80,1485,90,348,111,5058,2640,160,1292,71,972,3211,32,2646,238,6860,506,1607,30,786,31,6,325,43,43,204,5,691,13,453,1042,1216,85,8,324,5,2819,17,226,6,23,9,575,5,36,9,34,5,7,14,7,16346,11,415,246,198,292,140,87,1559,4,166,160,7,109,66,8,41,56,6,822,97,9,125,5,50,260,363,126,4,11,199,664,65,5,5,124,14,4,40,5,5,5,7,12,47,180,13,521,438,201,399,93,84,27,61,1936,201,132,20,4,59,753,123,177,5,12,33,30,15,182,1277,70,6,20,246,20,331,42,45,5,12,24,465,33,8,113,6,16,26,273,21,24,5,386,4,7,209,5,46,174,30,39,26,23,101,38,59,3023,46,14,9,299,9,10,6,812,7,4,5,12,10,172,9,187,5,122,4,9,14,6,26,92,9,8,1033,3075,47,5,7,3,5,201,1710,1736,240,1415,154,24,145,1051,182,880,57,695,5,341,1643,722,4,60,883,15,121,6,92,5,37,7,66,5,6,88,14,455,50,717,521,793,3410,116,51,11,137,92,8,10,296,14,239,12,8,420,122,45,11,9,835,35,384,31,8,142,159,7,250,47,6,178,7,26,6,1501,105,372,501,885,363,6,269,258,9234,602,1001,63,6321,86,1204,7,3311,314,32,626,1507,34,52,517,53,1073,50,63,69,47,16907,191,488,5,10,111,379,214,24,154,420,14348,101,9,100,238,291,179,105,6,15,689,218,17,46,65,7,3198,3495,1314,1125,21,200,6,2068,30,680,96,72,71,3,9,141,46,17,408,376,18,68,178,7,29,779,837,18,23,2020,7,85,8,38,13,15,18,22,1708,1538,126,306,255,65,5,7,195,15,7,64,3,70,9,78,908,7,7,12,6,248,952,9,20,997,159,789,175,80,14,21,17,357,4,159,8,1062,197,481,191,11,15,3,12,5,249,7,6,20,248,7,61,6,402,145,26,5,16,6,5,4,1898,415,15,7,472,33,47,7,24,9,6,104,40,29,31,84,217,17,181,9,5,82,7,5,2735,4,209,6,5,4,6,125,72,237,173,10,146,4,45,10,64,6,9,41,14,456,4,23,80,55,16,6,179,6,6,21,581,5,8,10,8,283,6,5,32,7,19,171,24,11,43,16,31,12,221,877,57,271,25,30,8,348,385,6,5,5,78,8,141,5,5,5,8,324,44,152,11,10,5,6,16,161,504,23,1461,8,13,31,5,99,6,15,117,15,6,83,8,7,6,6,6,60,7,10,40,5,554,97,41,37,973,156,15,6,5,4,15,9,304,100,30,80,1419,9,12,148,8,27,289,23,11,639,13,19,4,3,132,12,11,921,40,6,120,90,6,5,7,13,6,9,5,12,16,5,103,6,5,103,12,5,311,6,18,14,60,10,15,9,28,13,21,299,202,5,0
6,16,9,4,6,54,10,7,5,17,8,9,13,17,54,7,10,411,10,303,7,38,14,6,34,6,6,7,4,14,9,4,73,23,24,23,1417,5,6,8,52,13,7,6,11,64,6,38,29,17,4,15,10,6,5,49,274,360,6,6,42,5232,10859,10008,541,33,203,10603,30,20,1036,656,155,15,406,59,879,5397,465,372,176,4204,1391,267,577,951,242,18,14,783,2447,35,64,5424,19,3,4342,35,13,1027,730,204,431,326,83,1532,112,24,9,922,1196,13223,13,277,2286,64,910,56,88,81,682,104,92,165,1950,17,53,40,177,430,70,1535,231,100,293,269,7392,29,8,2080,24,15,25,67,70,51,688,3756,45,16,245,6,1714,362,6,243,365,9,317,6,354,14,494,81,874,439,34,5,7,8,94,5,12,81,52,15,34,14,55,1251,11,13,10,8,49,14,63,38,299,4,6,8,89,77,105,631,106,4,6,210,7,249,265,324,4,5,6,5,8,17,7,7,12,1179,76,7,529,569,972,726,1057,737,2070,557,919,5,8565,380,790,1209,38,12,76,751,11,1274,13,24,287,6,5,16,50,2930,14,535,15,151,12,17,153,24,23,86,93,70,1396,6,57,10,17,78,4,171,51,409,127,96,6,53,105,59,6,5,3346,8988,74,290,147,4264,856,313,514,2098,5,232,734,39,422,131,217,126,1557,196,185,139,577,510,254,134,789,100,286,121,4293,2765,149,1435,64,1038,3178,32,2117,339,7163,429,1835,21,917,44,6,460,42,62,220,5,703,14,382,802,2460,75,9,277,5,2899,24,213,7,20,10,428,6,47,8,22,6,7,15,7,15295,12,248,223,191,246,297,78,1512,4,103,179,7,100,82,8,48,53,6,727,99,10,102,6,57,219,370,160,5,10,200,512,51,5,6,117,16,5,46,5,5,5,6,12,29,188,12,557,482,182,377,96,100,40,57,1923,192,202,21,4,49,649,124,142,5,13,22,27,12,156,1232,59,7,20,263,20,300,46,41,5,12,38,474,34,8,206,7,16,27,260,20,25,5,342,4,7,265,5,39,137,27,29,35,9,36,38,60,2332,43,14,13,316,10,11,8,806,10,4,5,12,11,214,11,238,6,124,4,9,12,6,30,94,9,9,1426,3265,52,5,8,4,5,254,1591,1595,190,1486,244,14,120,1141,187,842,57,618,6,354,1436,636,5,62,852,9,123,6,93,6,42,7,72,6,7,82,6,404,40,697,526,791,3692,113,43,10,144,67,9,10,311,14,258,13,9,487,55,46,16,10,645,36,321,22,7,166,157,8,209,46,6,116,6,23,7,1346,163,476,493,864,210,7,248,235,9094,629,857,64,5550,70,1493,7,2970,307,33,627,1491,51,38,522,45,1198,23,51,43,59,16649,160,536,6,10,136,420,174,25,197,439,13453,102,9,93,303,251,170,97,6,16,597,217,9,51,67,7,4026,5375,834,1086,15,215,7,1738,25,272,80,70,58,4,10,122,54,13,452,382,20,78,167,9,31,641,658,13,23,1661,7,82,14,31,14,15,16,26,1586,1197,162,475,253,80,5,7,175,20,7,49,4,88,9,113,900,7,8,10,6,141,992,9,14,1197,169,856,105,21,18,23,15,286,5,103,8,1009,167,367,198,9,16,3,14,5,170,8,5,20,211,7,51,6,427,112,26,5,8,6,5,4,1536,417,16,8,507,25,71,6,27,9,7,99,22,29,35,65,261,18,165,8,6,28,7,6,2634,5,354,7,5,5,6,139,93,133,214,12,84,5,84,7,86,7,7,43,14,339,5,25,98,114,18,6,167,6,6,19,592,5,9,10,9,251,6,5,21,7,34,129,17,11,31,17,33,13,165,970,72,170,30,30,8,378,281,5,5,5,64,9,130,5,5,5,9,333,41,78,12,11,5,7,10,155,483,30,1225,9,16,21,5,76,6,18,80,16,7,192,8,7,7,6,7,56,7,18,21,5,747,97,22,37,1115,215,12,6,6,5,16,10,211,78,32,61,1405,10,14,159,7,26,222,20,9,633,11,18,5,4,116,13,14,515,42,6,135,54,6,6,6,14,6,10,5,16,12,5,111,7,6,61,9,6,327,7,17,26,76,10,6,5,26,10,22,287,175,6,0
5,17,9,4,6,54,10,7,4,12,15,8,13,24,39,7,10,480,10,310,7,30,14,6,33,5,6,7,5,13,10,5,102,33,23,23,1987,5,8,9,47,12,7,6,11,79,6,34,32,16,4,15,10,6,5,61,441,405,6,6,39,5252,10265,13343,458,236,153,10971,30,20,1092,730,116,29,408,59,1216,5297,417,501,142,4868,1434,298,405,730,282,13,16,634,2432,34,60,4901,15,3,4633,36,21,1352,760,204,399,509,64,1494,120,18,9,808,1503,13413,11,210,1954,58,845,39,88,82,885,109,127,170,1941,9,113,42,181,625,72,1541,276,65,258,299,7543,62,9,2359,24,15,25,80,71,60,741,4065,63,17,326,6,1242,423,5,277,195,8,417,6,395,13,725,55,812,517,28,5,7,11,134,5,12,55,70,16,30,14,59,1533,12,11,10,8,115,14,92,32,338,4,6,7,82,58,118,1402,103,4,6,118,7,257,240,169,4,5,6,5,9,17,7,7,12,1135,91,8,424,583,802,957,714,510,1824,749,1305,4,10628,468,996,1189,68,8,102,654,11,1339,13,24,424,6,5,14,46,3393,12,540,18,207,12,16,167,23,29,87,104,70,1556,6,58,10,17,89,4,191,33,431,132,98,6,64,103,59,6,5,3460,8768,75,384,149,4105,876,347,424,1907,5,256,661,31,400,133,242,124,2468,202,168,134,481,551,232,111,1266,106,329,121,4756,2859,181,1409,84,1293,3705,34,2405,371,6269,429,1633,39,1088,55,6,352,42,83,264,5,671,13,469,956,1566,168,9,308,5,2853,24,252,7,20,9,542,6,38,7,45,6,7,16,7,14731,13,589,210,203,267,105,77,1507,4,99,201,7,112,67,8,46,64,6,928,107,9,137,9,33,212,352,140,5,10,252,715,67,5,4,115,16,5,47,6,5,5,12,13,28,260,12,515,481,228,426,104,100,28,76,2326,248,180,17,4,47,571,124,139,6,13,21,27,15,169,998,71,6,20,279,21,257,30,43,5,13,38,568,34,9,220,6,22,27,282,20,25,5,422,4,6,230,5,58,154,27,41,36,8,66,41,61,2567,55,15,9,364,10,11,9,818,7,3,5,12,11,139,10,291,6,127,4,9,11,6,29,86,13,9,1226,3752,50,5,8,4,5,214,1730,2011,260,1509,288,15,155,1177,200,781,59,688,5,392,1326,783,5,75,994,9,116,6,84,6,37,7,68,6,6,89,7,421,39,620,590,751,3223,114,58,10,194,75,8,10,236,18,266,13,9,481,49,47,17,10,1020,38,475,22,8,197,184,8,140,43,6,117,6,15,7,1656,133,463,484,734,215,7,324,283,8629,511,1065,61,6536,91,1351,7,2752,352,33,708,1395,35,29,482,48,908,22,66,49,61,17164,166,664,6,11,114,530,220,27,131,418,12303,122,9,113,298,339,127,106,6,18,877,217,12,49,67,7,4013,5101,1344,1193,17,260,7,1870,36,450,60,70,36,4,10,128,44,15,510,363,21,98,308,8,30,691,819,13,22,1912,7,128,7,40,13,18,13,24,1392,1451,162,453,286,42,5,8,176,13,7,53,4,46,10,50,979,7,8,10,6,141,1296,8,23,1078,164,809,155,8,9,24,17,324,5,105,14,982,208,371,242,9,20,3,14,5,240,9,5,21,330,7,66,6,494,181,21,5,18,6,5,4,1556,549,16,9,408,31,52,6,25,9,7,114,33,30,39,59,314,18,116,8,6,53,8,6,2870,5,422,6,6,5,6,135,94,153,213,12,147,4,69,7,66,5,8,44,14,541,5,33,79,114,18,6,215,6,6,19,571,5,8,10,9,335,6,5,19,7,51,118,14,11,52,17,33,13,240,937,63,237,34,28,8,363,261,6,5,5,84,8,227,5,5,5,9,474,48,102,12,11,5,7,10,96,590,38,1700,9,13,31,5,135,6,17,134,17,7,112,8,6,7,6,7,52,9,14,29,7,750,96,28,50,1223,291,11,6,5,4,16,10,410,55,32,61,1602,10,13,218,9,31,390,20,9,509,11,19,5,4,145,13,15,753,40,6,171,56,6,6,6,14,6,10,6,12,16,5,94,7,6,112,10,6,326,7,18,13,103,10,7,5,29,9,23,313,184,6,0
5,14,8,4,5,57,7,6,4,18,15,8,13,35,30,7,11,483,9,378,6,31,12,6,39,5,5,7,4,19,9,4,124,30,20,20,1875,4,8,8,58,12,7,6,10,69,6,33,32,16,4,15,9,5,5,13,380,400,5,8,10,5299,11894,11881,557,159,99,10555,30,18,1050,851,114,14,402,69,829,5990,421,411,168,4176,1298,527,872,1003,243,13,24,679,2790,44,76,4855,15,3,4453,71,13,1788,649,197,328,232,67,1394,124,18,8,1203,1753,13351,11,1043,2894,86,800,37,87,104,849,104,146,144,1866,56,76,39,189,457,67,1606,329,127,361,281,7948,74,10,2633,23,17,29,97,87,51,901,4902,77,17,285,8,1746,399,5,185,276,8,377,6,308,17,930,54,694,535,68,4,6,15,101,5,10,95,91,17,29,13,64,1842,10,20,9,7,85,16,87,38,262,4,9,7,114,62,112,903,101,3,5,177,6,329,262,268,3,5,5,5,8,22,7,7,11,1372,107,8,433,715,969,808,1289,1081,1613,685,1650,4,10387,479,790,1200,50,17,66,805,7,1252,12,22,311,7,5,25,48,3327,21,444,17,157,14,12,159,22,21,108,88,57,1408,5,60,9,17,116,4,146,70,455,111,165,6,58,98,109,5,5,3300,9648,72,437,248,4206,895,438,500,1688,5,411,673,41,422,118,217,197,2734,169,148,133,487,750,366,99,1431,101,308,153,4342,2508,177,1495,82,1168,3489,41,2594,369,7805,340,1651,54,1090,31,6,388,53,86,213,5,605,29,524,827,1967,124,9,235,5,3222,22,297,6,31,13,478,5,36,7,59,5,13,18,8,16347,10,241,199,170,299,96,143,1851,4,196,148,7,110,91,8,40,89,6,790,97,9,93,8,57,264,312,148,4,13,272,534,62,5,6,106,13,4,51,5,5,6,9,11,27,190,11,662,499,206,485,105,124,37,61,2288,219,166,20,7,43,623,110,199,9,21,21,32,15,150,1398,76,9,20,205,18,264,44,39,5,5,41,422,33,13,283,6,14,27,319,66,57,5,341,5,6,313,5,75,133,23,34,34,9,39,47,63,2899,43,11,9,215,9,11,6,1483,9,3,5,15,10,244,7,361,5,122,4,9,13,7,27,92,8,8,1092,3939,65,5,10,3,5,264,1430,1582,302,1586,261,47,167,1209,146,760,61,772,5,394,1415,660,4,66,884,14,151,6,82,5,47,7,104,5,6,112,6,428,35,832,702,786,3813,106,61,14,170,63,5,9,331,13,236,13,8,406,76,48,12,9,797,48,436,25,7,186,414,7,361,46,6,112,7,28,6,2067,121,395,487,857,167,6,287,285,8067,646,864,84,5927,89,1432,8,1891,275,27,776,1537,49,36,534,40,1207,53,64,75,78,16640,215,635,8,10,148,479,170,24,160,433,13357,167,9,96,236,242,76,101,6,15,924,249,8,67,65,7,4018,2781,1449,1025,21,178,6,1889,38,578,54,46,63,3,10,127,54,20,472,374,19,111,192,8,29,641,1073,14,34,1801,6,121,14,38,13,13,28,20,1520,1844,183,429,198,91,5,7,200,19,7,49,3,69,9,70,1085,7,7,9,6,342,1453,10,14,1668,147,817,111,8,9,23,18,308,4,104,8,1056,136,303,218,10,40,3,14,8,263,20,5,14,158,7,98,6,514,120,25,5,10,6,6,3,1737,400,16,8,644,30,50,6,24,13,6,127,15,30,48,66,270,18,163,7,9,52,6,5,2272,5,364,6,5,4,6,128,66,217,181,12,115,4,76,7,106,5,8,44,14,385,4,38,78,84,17,6,150,6,6,25,634,5,10,9,9,304,6,4,20,17,14,125,14,11,49,16,34,13,158,912,56,220,25,60,10,350,295,6,4,5,97,8,144,5,13,5,8,557,40,66,12,10,5,6,16,135,422,33,1359,8,15,24,5,68,6,16,137,12,6,306,8,6,10,6,6,67,7,59,31,5,637,90,44,51,1015,301,12,6,5,4,15,9,371,115,64,70,1151,12,16,222,6,28,347,28,8,692,17,18,4,3,126,20,17,436,33,6,127,47,5,5,5,22,6,11,11,16,15,5,96,6,5,110,8,5,293,6,26,14,109,17,7,7,22,9,27,309,180,5,0
5,15,9,4,5,53,10,6,4,19,10,9,11,22,25,6,9,499,9,350,7,43,15,6,33,5,6,7,5,13,9,4,95,30,22,22,2005,4,8,8,60,12,7,6,10,74,6,34,28,14,4,14,9,6,5,138,309,400,5,6,34,5225,11268,10810,493,321,183,10866,29,19,1035,712,142,99,386,60,1091,4963,458,417,186,5199,1335,296,486,1021,332,18,13,742,2862,40,65,4851,15,3,4882,50,13,1284,699,204,382,340,83,1456,112,19,8,806,1374,12626,11,1051,1928,64,925,38,98,87,697,104,103,155,1793,6,82,39,173,526,68,1441,380,140,288,226,7282,31,8,2474,22,14,23,110,69,62,705,3915,57,17,313,6,1131,363,5,216,260,8,449,5,413,12,814,54,542,589,27,4,6,10,79,5,10,61,71,17,29,13,52,1562,11,11,10,7,110,15,65,125,369,4,6,7,98,67,112,1421,99,4,5,173,6,244,305,247,3,5,5,5,8,27,7,7,11,930,93,8,466,591,841,872,1007,741,1811,752,1302,4,10926,401,1038,1157,119,17,83,797,10,1208,13,24,332,6,5,20,43,3531,13,608,16,198,12,17,171,24,25,84,90,51,1436,5,56,9,18,154,4,192,63,446,127,92,6,73,100,57,5,5,3439,9511,73,383,126,3645,854,383,588,2319,5,244,793,47,353,112,151,117,2631,214,151,143,498,443,340,123,1379,95,375,120,5097,2471,203,1269,83,1093,3734,36,2654,369,7097,434,1279,48,1031,41,6,285,41,59,269,6,691,13,355,1381,1250,99,8,295,5,2837,20,214,6,14,10,772,5,35,7,37,5,7,14,7,16642,15,166,225,172,264,85,77,1606,4,203,144,7,103,63,8,42,59,6,725,97,9,91,7,64,249,328,98,4,18,248,637,60,5,6,136,14,4,42,5,5,5,7,12,56,279,11,532,381,167,466,112,90,40,61,1936,202,142,20,4,46,666,123,133,5,12,28,27,16,181,1345,82,6,16,289,19,331,38,40,5,12,21,490,33,8,142,8,17,27,339,22,24,5,383,4,6,193,5,54,147,32,48,33,8,44,38,58,2401,43,14,9,280,9,10,8,1037,7,4,5,12,10,155,8,212,6,141,4,10,12,6,26,74,16,8,1232,3875,49,5,7,3,5,259,1843,1853,223,1497,206,15,166,1150,183,885,56,762,6,390,1500,697,4,83,988,12,118,6,99,5,50,7,93,5,6,88,6,450,33,693,578,843,3337,103,51,10,233,72,8,9,324,14,253,12,8,373,56,48,14,9,859,40,451,37,7,161,159,7,289,44,6,195,7,28,6,1279,161,371,541,768,165,6,325,217,9101,665,923,66,6121,89,1503,6,2848,330,32,683,1528,34,56,478,45,930,31,60,44,74,17903,167,659,5,10,101,589,203,24,108,418,12425,151,9,117,228,271,132,102,6,16,844,185,12,47,70,7,3563,4593,1358,1003,18,217,6,2136,26,393,57,89,63,3,10,139,50,13,400,376,17,71,205,6,29,695,897,12,21,1805,7,63,11,38,12,14,13,29,1434,1195,141,357,314,63,5,7,180,11,7,41,4,60,9,71,1001,7,7,10,6,258,1106,9,15,1084,172,962,175,19,11,27,20,316,4,107,8,1118,201,363,233,8,14,3,19,5,292,11,5,18,208,7,59,6,361,138,21,5,11,6,5,4,1665,544,16,8,545,36,56,6,24,10,6,95,33,29,32,47,254,15,244,8,5,123,6,5,2629,4,324,6,7,4,6,188,94,151,174,11,88,4,57,8,64,8,7,40,16,440,4,41,70,91,17,6,202,6,6,23,685,5,8,10,8,284,6,5,25,7,29,133,14,11,52,21,26,12,196,961,94,176,25,30,7,344,392,6,5,5,77,8,107,5,5,5,8,511,44,89,11,11,5,6,11,94,464,18,1492,9,15,23,5,97,7,16,100,14,7,117,8,6,7,6,6,52,7,12,28,6,579,100,34,35,1002,234,10,6,5,4,17,10,355,64,30,59,1821,9,13,183,8,35,411,20,10,504,15,17,4,3,102,26,14,935,42,6,144,48,5,5,5,17,6,10,5,12,15,5,85,6,6,107,9,5,330,6,26,22,94,17,8,5,30,10,21,263,194,5,0
5,19,7,4,5,54,9,6,4,11,10,9,12,21,12,7,9,819,10,517,8,30,18,5,36,5,6,6,4,13,13,4,111,19,21,20,2895,4,8,8,55,11,6,6,10,136,6,16,27,15,4,14,9,5,5,68,401,370,5,5,28,5055,12666,11133,621,422,224,10696,35,19,1696,775,220,91,401,45,920,6331,439,565,201,5464,1180,248,557,1789,483,12,16,542,2131,52,70,3871,18,3,3983,37,14,3025,862,146,459,410,60,1821,229,17,18,1081,685,14436,10,374,2175,60,970,32,102,96,849,102,174,206,1889,13,62,37,180,685,90,1615,407,84,230,253,4172,38,8,2760,23,14,22,88,86,68,568,2797,40,16,387,6,1225,302,5,324,416,8,660,5,474,12,971,52,304,738,19,4,6,10,114,5,8,104,88,15,29,13,70,2123,15,10,9,6,269,13,246,39,274,4,5,8,57,43,107,1614,66,4,5,104,5,275,534,145,4,5,5,6,8,9,7,10,11,1130,83,16,483,571,909,1198,1469,1311,1909,997,1448,4,14938,888,825,1183,199,9,78,1383,32,1807,12,23,411,7,7,75,48,4086,9,595,20,196,12,38,147,24,20,81,66,35,1680,6,40,9,26,172,4,160,19,685,171,92,5,78,103,52,6,4,3945,8829,71,478,120,4973,1255,565,760,1838,5,282,991,30,458,161,324,100,3662,250,142,170,449,463,340,65,2900,147,430,117,5564,2367,211,1386,215,1178,5424,30,2798,677,9476,481,2695,113,714,82,6,214,51,57,278,8,706,13,744,1092,1210,176,10,390,4,3199,21,336,8,34,10,1039,5,31,7,109,5,7,14,9,14661,11,669,263,160,259,133,46,1623,4,86,121,6,132,124,7,72,104,6,897,103,8,86,8,128,209,294,161,4,10,390,706,68,5,6,109,22,4,33,5,5,7,7,16,26,319,10,783,740,190,452,109,96,39,96,3438,246,133,53,4,59,605,109,130,5,11,20,27,21,208,2153,76,6,19,234,29,383,50,37,4,12,61,543,35,8,218,6,13,26,325,18,40,9,355,4,6,166,5,42,103,26,37,34,7,32,36,81,2869,40,36,8,450,9,9,8,146,4,3,5,11,14,115,10,167,5,106,6,12,11,6,24,82,22,7,1045,5184,43,4,7,3,4,141,1869,2333,253,1509,375,36,301,1476,184,909,56,936,5,605,1865,1314,7,54,1055,6,240,15,89,5,36,7,91,6,6,113,7,513,28,806,449,803,4190,136,68,10,179,96,14,9,285,16,224,13,8,442,43,38,10,9,942,49,375,20,8,95,121,7,154,65,5,291,6,59,6,1965,220,641,642,770,254,6,480,387,10670,492,1695,46,6948,115,1427,7,2365,392,45,730,1867,41,56,428,63,1080,39,108,48,111,18558,162,710,5,10,74,950,274,22,116,393,14645,259,9,194,329,519,131,95,5,48,1377,180,9,57,66,7,3995,5238,1279,1241,49,225,9,1761,30,362,41,54,113,4,15,139,50,13,744,368,16,79,237,6,33,1070,1382,11,21,2439,7,57,8,38,25,37,31,84,1213,1221,138,296,206,137,5,7,208,18,6,39,5,66,9,206,926,6,10,8,6,126,370,14,14,959,272,1020,180,8,8,20,24,435,5,54,8,1109,211,394,370,8,22,5,13,6,192,15,4,55,161,10,78,6,348,198,21,5,53,6,5,4,1959,489,41,8,788,72,34,6,21,27,6,119,48,28,30,62,201,20,80,12,5,59,6,5,2137,4,48,7,5,4,5,78,109,128,150,10,140,4,67,6,51,5,7,42,11,709,4,71,55,157,16,6,105,5,5,19,609,5,7,9,8,356,6,5,14,6,19,110,12,10,126,17,29,15,344,927,172,399,24,30,7,600,256,17,5,6,135,8,229,4,5,10,9,476,64,80,13,11,4,7,10,63,367,21,1464,8,15,24,4,129,6,11,253,12,7,41,11,6,6,6,6,57,8,11,50,5,574,158,66,26,1017,212,10,5,5,4,15,8,662,129,33,58,1195,14,22,481,6,30,483,11,8,482,14,15,4,3,334,10,28,789,60,5,142,44,5,6,5,12,5,9,4,17,41,5,128,6,7,197,10,5,274,5,14,12,71,9,6,5,29,9,36,337,166,5,1
5,17,8,4,5,63,13,6,4,13,9,9,20,22,11,7,9,373,10,430,7,46,12,6,45,5,6,7,4,13,16,4,110,31,23,22,2485,6,14,15,72,12,7,6,10,69,6,37,29,15,4,14,9,5,5,52,352,147,5,6,56,5494,12532,13736,524,239,180,11221,36,19,1137,678,169,261,391,61,1161,5352,378,415,164,5312,1308,127,439,890,256,13,12,488,2542,29,62,4359,15,3,4541,40,13,2030,618,206,507,393,58,1407,109,17,8,795,1140,14662,6,325,2185,63,773,55,87,46,1426,102,125,151,1761,7,72,42,136,538,69,1368,302,92,236,224,5947,32,8,2534,24,15,24,65,82,90,551,3658,25,16,299,6,790,319,5,272,238,8,440,5,434,12,750,41,466,577,26,5,7,10,99,5,10,37,49,14,20,13,56,2097,10,11,10,7,140,14,158,114,398,5,6,7,123,64,114,1807,106,4,5,33,6,196,353,140,4,5,6,5,8,9,10,7,11,1015,87,11,402,463,917,896,985,803,1758,819,941,6,11597,484,1047,1253,119,11,51,1148,8,1250,12,24,509,6,5,30,49,3820,12,488,17,401,12,23,128,26,25,85,67,48,2017,6,66,10,26,131,4,187,30,496,196,81,6,74,100,54,6,5,3347,8621,73,388,128,4999,981,459,507,2457,5,190,598,32,284,156,290,115,2805,197,159,171,421,291,300,65,1924,110,375,102,4806,2530,236,1264,119,1115,3339,28,2716,333,7717,421,1521,73,809,32,6,197,41,41,265,5,641,13,459,1599,1042,137,9,341,5,2794,22,204,7,17,9,811,5,33,7,36,5,7,15,7,15114,12,294,305,218,276,123,78,1246,5,77,141,7,98,67,8,46,65,6,789,134,9,91,8,70,241,388,154,5,10,271,752,88,6,6,161,15,5,53,5,5,5,7,15,26,233,11,628,378,173,352,86,74,16,62,2278,207,95,20,4,48,653,140,138,5,12,21,24,15,218,1170,57,6,20,277,24,256,25,40,5,12,40,560,34,8,98,6,20,28,198,20,24,6,308,4,6,129,5,32,138,26,46,34,7,45,38,70,2916,44,14,9,375,10,9,6,701,7,3,5,14,11,77,21,153,5,137,5,9,12,6,26,85,32,8,1395,3975,47,5,7,4,5,170,1618,2155,309,1461,253,20,173,1061,174,1032,58,704,5,452,1457,1081,5,61,995,7,166,7,128,6,33,7,52,6,6,101,6,415,50,851,428,884,3588,104,51,9,139,70,9,10,225,14,308,11,9,467,79,45,12,11,799,34,511,21,10,141,146,7,217,46,6,178,6,30,7,1133,120,424,495,852,177,7,310,294,8250,604,1045,59,6321,115,937,8,3059,269,33,624,1625,30,60,416,55,777,26,65,50,65,17134,153,696,5,10,68,603,188,24,117,370,12391,208,10,98,182,318,118,92,6,16,846,195,9,48,50,7,3745,5828,1268,1078,18,253,6,2623,20,205,63,62,121,4,12,92,51,13,416,381,22,61,221,7,35,841,1220,13,22,2441,7,47,8,39,11,13,11,44,1086,955,119,408,359,40,5,7,178,17,7,45,4,76,9,74,864,7,11,10,8,228,855,10,13,779,123,1040,138,12,9,22,16,281,5,131,6,1040,258,485,236,8,14,3,14,5,215,8,5,103,342,7,42,7,243,150,12,6,19,6,5,4,1295,562,20,8,733,31,60,6,33,9,6,110,113,37,33,73,258,23,43,10,6,13,6,6,2855,5,244,6,6,5,6,134,108,147,95,12,140,4,53,7,65,5,7,28,14,664,5,36,73,84,18,6,220,6,6,17,688,5,8,9,9,245,6,5,20,7,35,93,18,11,59,16,32,18,281,983,58,230,25,30,7,452,338,10,5,5,90,8,174,5,5,5,9,534,44,102,12,11,5,7,11,47,446,20,2104,8,11,22,5,92,6,15,158,14,6,134,8,6,7,6,7,53,7,9,29,5,383,99,63,35,1082,160,13,6,5,4,16,13,373,87,31,60,2364,9,13,237,6,36,451,23,8,442,12,15,5,6,132,10,12,708,42,6,121,50,5,6,5,13,6,9,4,12,16,7,154,6,6,163,9,6,393,6,19,11,46,8,6,5,31,8,19,274,176,5,1
5,15,8,4,5,26,10,7,4,14,9,9,13,23,22,6,9,603,11,340,7,18,11,6,33,5,6,7,4,13,11,4,80,26,28,21,2235,5,8,18,82,12,7,6,10,84,6,34,19,15,4,15,9,5,6,45,512,254,5,6,68,5092,11353,13253,475,240,155,10611,29,18,1229,776,130,49,414,53,1351,5842,383,585,187,4989,1470,338,414,1390,241,11,14,600,1817,35,61,5286,13,3,4698,27,14,1525,761,208,475,465,69,1391,124,18,8,1006,1122,14047,11,1113,1973,63,982,48,84,72,702,93,162,214,2016,7,83,39,176,739,62,1579,202,103,267,286,6274,23,8,2400,29,15,24,27,67,45,492,4252,20,16,363,6,1362,208,5,273,217,8,496,5,412,13,800,40,454,617,28,5,7,10,90,5,9,23,44,15,31,13,54,1630,11,11,10,7,112,15,98,16,270,4,6,7,87,65,114,819,88,4,5,96,6,256,274,197,4,5,6,5,8,10,8,7,10,1309,75,8,428,529,857,780,982,551,1929,1091,1349,5,15060,507,885,1431,80,9,58,878,9,1464,13,24,332,6,5,16,46,4932,12,628,14,247,10,15,145,28,30,80,89,53,1463,6,53,9,19,171,4,118,16,276,127,86,6,115,102,39,6,5,4300,8694,59,323,141,5257,690,537,540,2358,5,224,796,32,378,105,180,115,2895,284,200,122,489,419,226,91,1137,145,363,113,5618,3391,157,1612,112,1397,3479,31,2129,369,7257,505,1869,45,886,93,6,323,41,56,280,5,751,12,560,1119,969,187,9,309,5,3144,20,320,7,20,9,710,5,33,7,35,5,7,13,7,15350,11,457,171,210,259,120,76,1099,4,89,184,7,118,100,8,43,81,6,1041,89,9,90,9,177,218,335,92,5,16,229,834,73,5,5,109,28,5,68,5,5,10,7,13,25,286,11,547,531,172,387,95,68,25,63,2512,364,142,24,4,45,814,139,128,5,12,21,27,15,189,1659,64,6,20,305,20,371,36,40,5,18,41,482,38,8,129,6,30,27,177,20,15,7,406,4,6,258,5,48,136,33,40,38,8,17,35,60,3126,43,13,9,348,10,10,8,778,7,3,5,12,10,120,10,246,5,113,4,9,8,6,27,68,12,8,1545,3631,50,5,7,4,5,201,1785,1692,299,1532,422,14,157,1300,188,927,58,854,5,443,1478,917,5,61,995,7,169,11,105,6,27,7,67,6,6,88,6,489,34,695,455,1209,3559,154,53,10,143,112,8,10,221,14,252,12,9,789,53,46,12,10,736,36,408,22,9,145,170,7,153,50,6,129,6,15,7,1550,142,509,450,781,275,7,251,202,8856,470,998,54,6639,114,1082,8,3794,398,32,815,1799,34,41,474,49,939,24,65,41,77,17339,133,653,5,10,120,706,194,24,103,419,14353,150,9,115,322,358,153,118,6,31,969,202,9,48,70,7,5387,5524,1523,1014,19,310,7,2697,25,238,54,85,73,4,10,102,52,11,509,315,17,69,309,7,29,897,1038,12,21,2056,7,81,9,63,17,14,12,30,1761,1160,114,433,310,85,5,6,163,19,7,23,4,62,9,122,765,7,7,10,7,116,823,9,9,1124,196,946,168,9,9,26,19,493,5,92,6,1363,214,465,227,8,15,3,13,5,191,11,5,116,381,8,59,6,358,215,24,5,18,6,5,4,1773,508,16,8,673,30,48,6,24,14,6,102,25,31,30,101,214,18,151,9,5,17,6,6,3739,5,274,7,5,5,6,129,83,117,135,11,34,4,69,6,61,5,7,39,13,385,5,39,97,131,18,6,136,6,6,19,600,5,8,9,9,406,6,5,25,7,40,188,14,9,43,16,48,13,255,1098,59,379,27,30,7,477,284,6,5,6,82,8,195,5,5,5,9,549,45,118,12,11,5,7,11,77,708,26,1925,8,13,31,5,115,6,16,215,15,6,194,8,6,6,6,7,55,9,10,31,5,616,148,27,35,1520,187,11,6,5,4,13,20,385,111,32,55,2045,9,12,337,6,31,406,12,8,790,12,18,5,4,175,15,14,955,42,6,165,45,5,6,5,14,6,9,7,10,16,5,149,6,6,110,8,6,380,6,24,23,73,9,6,5,33,9,21,311,173,5,1
5,15,8,4,5,46,10,6,4,14,10,9,14,22,25,7,9,723,10,375,7,20,13,6,34,5,6,7,4,13,9,4,98,31,22,24,1958,5,8,9,79,12,7,6,10,83,7,30,30,16,4,15,9,5,5,73,379,173,5,6,43,5336,10445,14347,662,423,183,11051,30,19,1004,711,144,83,472,46,1093,5838,421,497,180,5073,1348,154,395,1445,604,14,14,778,1765,37,62,4189,26,3,4626,35,15,1681,775,208,420,366,70,1513,117,18,9,880,1391,14716,11,914,1907,64,1042,64,92,81,1182,104,124,144,2452,10,108,39,177,549,70,1649,265,111,251,260,6797,29,8,2414,31,13,24,83,63,77,676,4003,17,17,307,6,1157,356,5,277,273,8,512,5,378,13,751,59,623,565,28,5,7,10,111,7,15,65,27,15,30,11,46,1118,14,11,10,7,113,12,118,40,418,4,6,11,93,39,113,1646,100,4,5,80,6,241,317,176,4,5,6,5,8,10,7,7,12,1183,108,8,470,512,925,819,1205,823,2197,740,1262,4,12655,490,1133,1367,75,12,66,1090,12,1239,13,24,454,6,5,24,45,3744,12,621,18,267,12,17,188,20,22,85,113,57,1888,6,66,10,16,135,4,176,43,516,148,96,6,94,102,63,6,5,3782,8387,74,318,119,4985,1100,464,556,2628,5,180,786,33,403,140,318,121,2493,248,168,130,418,427,199,83,1804,91,352,117,5006,2714,172,1392,83,1301,3473,30,2709,373,7617,419,1735,44,900,53,6,368,41,59,290,5,702,13,440,1490,1487,124,9,368,5,2859,21,271,7,20,11,602,5,37,7,32,5,7,16,7,14670,11,781,300,211,274,201,78,1515,4,89,192,7,111,82,8,54,60,7,872,126,9,74,16,130,187,425,141,5,11,254,781,66,5,9,178,15,5,58,5,5,5,8,12,25,277,11,659,657,251,410,96,83,19,63,2243,223,145,20,4,59,722,125,133,5,13,21,27,15,296,1364,59,6,20,306,24,370,50,32,5,12,41,531,34,8,188,6,20,27,281,19,29,5,439,4,5,181,5,55,142,26,38,34,8,45,32,60,3091,43,15,9,420,10,10,7,908,7,3,6,12,10,141,14,261,5,119,4,9,12,6,28,86,12,8,1407,3892,49,5,7,4,5,162,1825,2021,333,1544,378,16,163,1227,242,834,58,654,5,386,1387,898,5,56,883,8,143,6,93,6,39,7,48,6,8,90,6,453,32,737,462,972,3462,145,64,10,153,71,11,10,297,14,253,13,9,488,54,47,12,10,719,35,567,23,8,166,176,7,178,67,6,191,6,33,7,1625,159,586,461,892,206,7,340,263,8956,503,1189,57,6602,89,1328,7,3407,277,33,637,1695,38,34,479,53,894,22,67,40,81,16459,154,630,5,10,113,612,243,25,140,380,13132,141,9,132,303,327,145,108,6,28,1048,197,9,48,66,7,4459,5454,1534,1119,19,254,7,2142,33,368,58,90,79,4,10,126,53,13,474,387,19,71,234,7,40,840,791,12,22,1993,7,65,7,39,13,33,12,25,1230,1245,145,356,278,70,5,7,161,20,7,48,4,62,9,115,950,7,8,10,7,133,1228,10,14,948,160,810,141,7,9,38,17,323,5,123,6,1111,297,387,228,9,15,3,11,5,170,9,5,19,328,7,51,6,459,105,21,5,11,6,5,4,1432,560,16,9,524,31,53,6,25,23,6,118,33,30,25,69,221,17,109,9,5,75,6,6,2958,5,371,6,5,5,6,134,105,137,92,11,185,4,55,7,63,5,15,43,13,428,5,39,69,137,18,6,181,6,6,15,556,5,8,9,5,311,6,5,21,7,41,130,10,11,50,17,42,20,214,1136,53,184,25,13,8,376,266,6,5,5,77,8,234,5,5,5,9,468,59,93,12,11,5,7,11,65,638,21,1445,8,14,36,5,127,6,10,103,79,6,95,8,6,6,6,7,54,8,13,22,5,670,102,39,36,1234,211,11,6,5,4,16,16,375,143,31,60,1686,9,12,224,7,34,457,20,8,115,10,17,5,4,155,13,14,941,46,6,146,40,5,6,5,13,6,10,6,12,16,5,159,6,6,101,10,6,276,6,18,11,68,10,7,5,29,9,21,315,171,5,1
5,14,8,4,6,84,9,7,4,11,9,9,12,24,23,7,9,687,11,409,7,30,18,5,45,5,5,6,4,20,9,4,94,38,27,21,2260,4,11,7,56,12,6,5,9,75,6,16,28,14,4,13,10,5,7,120,446,428,5,6,27,5897,11924,12391,578,363,222,9908,45,19,1269,744,153,119,468,59,971,6716,438,558,194,4870,1309,214,868,1417,361,14,14,565,2429,45,62,4377,20,3,4767,92,12,1741,732,178,403,338,65,1303,145,17,17,1138,1011,14127,11,1134,2492,89,796,60,104,101,685,102,159,176,2167,7,68,39,193,508,78,1947,261,110,258,254,5582,29,8,3144,23,15,22,103,70,62,568,3683,196,11,283,6,1511,384,5,338,364,8,449,5,381,14,1158,78,419,754,23,4,7,10,78,7,10,55,68,13,32,10,85,1530,17,11,9,6,202,14,161,22,288,4,7,10,90,58,108,1706,96,3,5,195,5,185,344,273,3,5,5,5,7,12,10,9,11,1146,122,11,462,561,895,898,1524,1020,2039,859,1339,5,11118,557,841,1147,59,19,74,1203,8,1617,10,24,264,6,6,38,93,3760,12,576,20,135,12,17,183,21,19,83,74,56,1910,5,59,10,17,186,4,187,55,482,242,103,5,72,106,76,5,4,3564,8459,71,589,140,4977,988,553,599,2034,5,351,965,30,401,127,217,135,3780,190,170,172,443,584,365,61,1428,80,306,162,4789,2700,138,1363,92,1236,3631,29,2412,452,7880,466,2576,85,739,47,6,256,52,48,277,10,764,13,544,1207,1511,154,8,281,4,3351,23,328,7,21,12,557,5,35,7,43,5,7,13,9,14338,10,573,310,259,335,37,68,1719,4,104,166,6,109,105,7,57,73,10,851,98,10,104,11,127,315,286,117,5,30,315,558,64,5,13,131,23,4,46,5,5,8,6,14,20,215,10,660,513,178,508,94,102,31,98,2614,270,132,20,4,42,620,113,145,5,10,21,22,15,156,1759,49,8,20,300,19,296,37,38,5,14,73,423,33,9,171,8,15,27,229,19,20,7,348,4,6,270,6,46,113,26,32,40,13,50,37,89,3084,41,24,8,364,9,11,7,450,7,3,5,13,12,177,17,171,5,103,4,11,12,6,26,84,13,8,1185,4427,48,4,7,3,4,295,1707,1751,278,1411,286,26,179,1231,255,847,56,883,5,452,1525,792,4,55,1194,7,139,14,112,5,51,7,84,5,10,140,6,419,35,765,589,1099,3814,112,49,10,180,104,8,9,326,14,248,12,11,580,54,45,10,9,800,21,544,19,8,130,174,6,245,89,5,198,6,44,7,1741,138,537,452,841,176,6,338,311,9191,761,1010,70,6193,122,1254,10,3237,340,69,812,1680,40,43,491,48,1161,57,69,67,91,17803,253,657,5,9,99,606,193,24,138,389,15428,172,9,163,321,339,114,110,5,17,991,184,8,50,65,7,3975,4004,1502,1227,36,237,10,2393,31,585,50,54,72,3,9,132,50,9,591,372,19,82,213,7,29,967,1234,11,26,2070,7,67,16,47,11,18,25,25,1387,1261,163,254,274,109,5,9,165,23,6,40,3,94,9,180,907,6,7,9,6,304,748,17,10,872,215,883,183,6,8,35,18,436,6,97,8,1181,171,407,249,10,26,4,14,5,169,6,5,54,198,8,67,6,483,149,22,5,20,6,5,4,1646,514,15,10,672,28,53,6,22,21,6,114,32,33,37,78,165,17,130,8,4,259,6,5,2422,5,218,6,4,4,5,147,95,273,281,11,80,4,69,6,61,5,7,46,14,413,5,63,69,118,16,6,85,5,5,25,632,4,7,9,10,323,6,5,14,12,40,202,8,11,53,16,39,17,215,988,70,313,24,31,7,445,455,7,5,6,140,8,184,4,6,7,8,647,47,77,11,11,4,6,16,136,384,20,1357,8,13,34,4,76,6,14,190,14,6,17,8,6,6,6,6,50,10,11,31,5,596,134,50,34,1001,208,10,5,5,4,15,9,476,124,29,58,1144,12,16,298,6,34,357,21,14,414,12,17,4,3,148,9,18,665,43,5,143,61,5,5,5,12,5,9,4,12,15,10,173,5,6,128,8,6,349,6,21,16,54,8,6,5,28,9,24,285,183,5,1
5,16,9,4,5,55,10,7,4,16,10,11,13,27,27,7,9,605,10,258,8,20,15,6,34,5,6,7,4,12,8,4,51,19,27,24,1961,6,5,10,70,12,7,7,10,56,7,36,30,17,4,16,11,6,5,28,254,299,6,6,118,5016,11469,11110,546,282,142,10084,31,22,1046,553,159,151,310,74,849,5544,310,496,166,3176,1164,269,609,1064,509,13,12,653,3059,30,63,4769,15,3,4216,35,13,1646,699,218,537,507,62,1393,109,18,9,774,776,13161,11,425,2064,66,1187,53,88,71,1162,105,135,239,1695,7,56,40,139,622,72,1331,193,79,312,218,5423,45,8,2421,25,15,26,58,67,52,365,3973,29,17,267,6,1319,252,5,250,209,8,475,6,480,14,647,60,278,444,34,5,7,6,88,5,11,18,59,17,30,14,41,1687,11,12,11,8,159,14,93,8,315,5,6,8,69,139,119,514,103,4,6,114,7,194,232,221,4,5,6,5,9,10,7,7,12,1056,90,8,426,591,787,1044,877,575,1679,792,1471,5,14193,616,1049,1038,87,7,44,1451,14,979,13,25,329,6,8,23,50,3730,12,484,21,188,12,17,133,29,28,85,84,41,989,6,86,17,24,97,4,123,12,410,128,99,6,91,103,60,6,5,2896,7966,75,350,164,3026,833,434,428,1714,5,211,591,18,318,165,184,87,1733,197,134,123,415,339,388,68,959,91,264,127,4601,3211,199,1421,86,1400,4314,32,2815,374,6654,392,1797,31,760,68,6,309,43,29,192,5,554,14,414,839,690,220,9,326,5,2367,21,266,7,20,7,451,5,40,7,32,6,7,15,8,15721,13,300,277,145,205,95,79,1101,4,100,117,7,114,83,9,42,58,6,947,101,9,96,20,154,180,339,165,5,13,334,876,111,6,6,111,20,5,57,5,5,6,7,16,20,237,12,581,344,182,317,98,98,20,67,2897,214,162,17,3,47,497,129,135,5,13,21,27,29,125,1441,56,7,21,293,20,354,25,41,5,17,64,448,37,9,177,6,22,29,391,19,22,5,304,4,6,193,5,43,139,28,38,37,8,21,47,60,2313,49,15,9,280,10,11,6,571,9,3,6,12,13,77,8,210,6,138,5,10,12,6,29,40,15,9,1281,3692,45,5,8,4,5,144,2104,1848,281,1215,350,15,210,1288,186,846,60,702,5,395,1161,690,5,63,1367,7,178,6,96,6,39,8,44,6,7,72,6,457,40,596,420,728,4048,123,48,11,207,81,8,9,198,13,236,13,10,695,57,47,12,10,765,40,312,22,8,155,136,7,211,51,6,154,6,25,8,1125,140,443,592,686,200,7,285,274,9370,649,1629,57,5126,80,655,7,3088,393,45,598,1563,28,34,461,23,913,23,66,50,61,17571,221,698,6,11,107,443,192,19,81,404,13574,152,9,104,226,344,119,101,6,15,843,170,9,49,66,7,4329,3723,961,991,18,182,7,1429,34,57,61,86,66,4,10,94,53,7,454,420,20,65,321,7,30,810,1338,15,17,2091,8,76,9,40,18,15,11,25,1670,1054,151,309,261,65,5,7,155,25,7,26,4,70,9,116,629,7,8,12,7,140,520,14,15,901,146,837,160,8,10,20,18,381,5,93,7,990,177,331,274,9,15,3,13,5,170,9,5,20,204,7,47,6,275,281,23,7,15,6,5,4,1642,543,17,10,647,31,41,6,30,9,6,87,34,36,37,54,279,18,67,8,6,22,7,6,2681,5,162,7,5,5,6,166,57,146,118,12,39,4,99,7,88,5,7,35,14,592,6,75,74,115,24,6,182,6,6,20,547,6,9,10,9,403,6,5,23,4,42,92,15,11,81,17,34,13,225,1119,54,245,38,52,8,529,234,6,5,5,79,8,257,5,5,5,9,526,40,104,14,12,5,7,8,98,528,17,1921,9,14,18,5,88,6,15,182,17,7,67,8,6,7,7,8,53,8,14,39,4,723,110,19,20,1012,238,9,6,5,4,16,10,401,72,33,62,1387,14,14,548,7,28,582,15,9,540,8,24,7,4,151,15,17,517,43,6,172,68,6,6,6,14,6,10,6,9,16,6,245,6,6,101,7,6,262,7,20,14,58,10,6,5,30,10,23,285,194,5,1
5,20,9,4,6,54,10,7,4,14,11,9,13,22,33,7,9,294,10,329,8,20,14,6,36,5,6,7,4,13,10,4,104,20,24,23,1508,5,8,10,72,12,7,6,11,98,6,34,40,16,4,15,11,5,5,39,410,466,6,6,51,6420,12606,14636,428,232,182,10863,27,19,1040,666,156,81,432,64,972,6655,370,531,165,4925,1371,233,476,650,339,13,14,661,2470,32,64,4415,16,3,4743,36,14,1252,740,209,433,563,73,1911,93,18,10,852,1344,15899,11,249,2129,73,867,76,89,82,783,96,107,204,2090,9,100,40,154,547,70,1516,234,167,265,290,6270,37,9,2660,29,15,25,28,75,76,465,3654,53,17,345,6,1277,400,5,204,271,8,509,6,408,12,539,56,722,521,28,5,7,11,113,5,11,33,53,15,30,11,56,1382,11,12,11,7,131,14,101,8,314,4,6,8,76,56,118,1390,91,4,6,82,6,271,238,181,4,5,6,5,8,11,6,7,12,1062,101,8,459,565,1073,957,894,630,1735,898,1143,5,11939,549,996,1351,69,7,55,540,16,1222,15,24,340,6,5,16,69,2680,11,606,18,190,11,25,144,15,29,85,101,76,1353,6,45,10,23,116,4,130,19,267,129,92,6,75,102,64,6,5,3833,8633,74,334,136,4411,656,379,459,2507,5,224,650,30,378,131,241,111,2960,199,141,146,480,425,260,81,1314,90,285,119,5217,2912,193,1502,85,1267,3123,32,3138,373,7137,430,2284,40,959,69,6,324,38,62,241,5,569,14,421,1172,1081,186,10,397,5,2947,21,333,7,21,9,370,5,35,7,49,5,7,15,7,15135,12,219,170,192,274,99,78,1417,4,191,220,7,112,93,8,44,106,6,1015,98,8,121,9,81,223,470,125,5,10,233,564,81,5,5,77,18,5,46,5,5,5,7,14,28,282,12,593,398,197,405,96,94,28,88,2135,235,126,30,4,45,696,160,134,5,13,21,27,15,185,853,49,7,20,320,20,263,37,41,5,18,62,474,34,9,123,7,23,27,313,19,25,5,404,4,6,153,5,49,138,28,38,39,8,46,39,61,3845,45,15,9,357,10,11,7,471,8,3,5,12,11,214,10,187,5,129,4,9,12,6,28,86,15,9,1082,2971,51,5,8,4,5,165,1922,1928,330,1485,257,18,131,1006,193,951,59,798,5,432,1479,536,5,62,1221,13,140,7,95,6,37,8,65,6,6,78,9,498,34,723,531,810,3939,144,63,10,171,68,8,10,243,14,260,12,9,427,50,38,12,10,779,39,530,26,8,169,172,7,133,46,6,94,6,17,7,1334,99,462,445,918,221,7,354,346,8323,703,1061,49,6569,87,745,6,2514,411,33,640,1643,37,42,478,51,811,22,66,45,75,16239,178,536,5,11,116,620,240,25,104,379,14704,147,9,108,220,334,115,113,6,16,821,196,9,43,64,7,4080,4799,1295,1279,19,264,7,2280,33,310,56,71,87,4,11,122,58,13,453,395,21,69,246,7,41,877,762,13,22,1660,8,105,9,50,32,15,9,31,1371,1069,152,386,267,70,5,7,181,18,7,33,4,74,9,145,886,7,8,10,6,133,1001,10,11,866,167,885,124,8,9,23,19,375,5,99,8,931,157,350,278,9,15,3,14,5,172,9,5,23,385,7,73,6,364,210,19,6,30,6,5,4,1633,616,17,9,537,31,52,6,28,12,6,122,34,38,33,72,300,24,86,8,6,62,7,6,3400,5,247,6,5,5,6,137,86,174,215,12,81,4,62,7,59,5,11,42,14,429,5,36,78,101,21,6,182,6,6,19,575,5,8,10,9,336,6,5,19,7,62,83,14,12,45,16,33,13,158,1115,55,180,34,32,8,392,291,6,5,5,86,8,275,5,7,9,9,594,49,100,13,12,5,7,11,66,643,22,1710,9,13,36,5,126,6,15,150,28,6,46,8,6,7,6,8,54,8,12,39,5,704,97,40,14,1262,217,11,6,5,4,16,10,474,71,34,61,1593,12,11,248,7,44,511,20,9,278,12,21,5,4,173,13,19,811,44,6,180,72,5,6,6,14,6,11,5,13,16,5,116,7,6,114,9,6,311,6,17,13,80,10,7,5,35,9,22,329,189,5,1
5,15,8,4,5,43,10,6,4,14,10,9,16,22,28,7,9,463,10,320,7,36,13,6,26,5,6,7,4,13,9,4,67,24,26,22,1943,5,8,8,75,11,7,6,10,71,6,34,29,15,4,14,9,6,5,41,353,466,5,6,81,5310,10913,13464,606,420,163,10462,29,19,1076,723,168,172,464,61,1038,5672,388,447,147,4424,1437,652,431,1389,509,14,13,688,2009,30,45,4426,18,3,4584,35,11,1356,868,185,408,465,68,1521,179,36,8,905,736,14412,11,922,1775,67,1084,56,98,79,764,103,130,140,1928,9,81,40,176,533,61,1444,260,101,228,266,6165,48,8,2290,32,14,24,81,70,46,628,3606,325,16,316,6,1227,332,5,239,323,8,498,5,385,11,719,35,549,586,29,5,7,10,94,5,10,70,55,14,29,9,59,1372,12,13,10,7,89,11,126,12,343,4,6,7,101,111,89,1439,99,4,5,124,6,267,272,216,8,5,6,5,8,13,7,7,11,1193,87,8,442,483,866,906,944,767,1871,859,1215,4,9987,459,868,1347,61,11,57,881,10,1242,9,24,361,6,5,22,49,3211,11,800,18,309,12,18,149,21,33,85,80,56,1435,6,58,10,18,115,4,188,42,366,120,79,6,89,100,58,6,5,4259,8333,68,308,141,5369,866,506,537,2096,5,180,806,31,350,136,259,137,2569,290,141,129,467,574,234,64,1419,103,318,107,4884,2830,170,1421,85,1291,3669,30,2946,368,7106,455,1450,43,886,60,6,288,39,61,270,5,735,13,349,1236,1566,153,9,363,5,2804,19,311,7,33,8,650,5,37,7,30,5,7,15,7,15749,11,363,234,184,271,46,79,1446,4,133,235,7,111,97,8,53,46,6,717,81,9,99,10,64,207,417,145,5,10,253,802,64,5,5,109,17,5,40,5,5,5,7,13,28,264,11,580,600,184,335,78,99,24,59,2087,284,145,20,4,75,697,127,131,5,12,23,29,15,155,1401,44,6,20,304,20,345,39,40,5,37,40,537,34,8,135,6,21,27,204,19,24,5,382,4,6,172,5,34,135,31,48,34,8,34,38,60,2625,43,15,9,412,11,10,7,959,7,3,5,12,11,202,10,233,5,127,4,12,12,6,27,85,31,8,1461,2940,50,5,7,4,5,194,1695,1739,279,1462,271,15,171,1252,222,722,36,655,5,357,1499,698,5,69,1073,9,161,6,107,6,38,7,63,6,8,89,6,524,29,708,511,789,3828,122,53,9,155,103,9,10,305,13,282,11,9,482,49,44,12,10,754,36,409,20,8,164,179,7,176,49,6,162,6,25,7,1660,136,490,441,953,589,7,342,260,9578,551,984,49,6367,109,1152,6,3829,303,30,727,1539,34,49,477,55,890,23,66,44,58,17295,171,535,5,10,126,515,189,24,144,418,13498,146,9,97,266,320,195,121,6,13,821,200,9,48,66,7,4522,5989,1410,1103,19,237,7,2061,32,318,60,87,79,4,10,88,52,13,447,380,19,66,269,6,25,800,968,12,22,2107,7,62,9,39,19,23,19,28,1342,1225,151,297,349,93,5,7,174,19,6,42,4,78,9,98,996,7,7,7,6,196,873,9,13,997,176,860,193,8,7,28,17,306,5,130,8,1102,268,421,253,9,20,3,9,5,200,9,5,23,296,7,44,5,360,164,22,5,15,6,5,4,1384,561,16,8,594,36,56,6,28,12,6,115,33,29,33,70,209,18,118,7,5,61,6,6,2987,5,299,6,5,5,6,133,86,148,254,11,158,4,57,6,65,5,8,34,14,431,5,39,71,178,18,6,183,6,6,21,549,5,8,9,9,383,6,5,19,6,55,76,15,11,43,14,36,13,207,1084,110,309,27,29,7,464,318,6,5,5,78,8,171,5,5,5,10,563,71,91,12,11,5,7,11,109,628,24,1541,8,13,32,5,66,6,21,154,17,6,129,11,6,6,6,7,53,9,13,24,5,666,100,28,34,1307,203,11,6,5,4,15,10,388,75,32,60,1892,9,14,256,7,31,460,19,9,621,10,24,5,4,134,12,14,927,42,6,176,47,5,6,5,13,6,11,7,12,20,5,102,6,7,99,8,5,305,6,18,16,58,11,6,5,28,9,20,321,174,5,1
5,17,8,4,5,31,10,6,4,14,10,9,14,23,28,6,9,438,10,310,7,14,14,6,35,5,6,7,4,11,9,4,56,29,24,22,2117,5,11,9,70,12,7,6,10,76,6,32,29,13,4,15,9,5,5,130,510,432,5,6,46,6079,11951,13065,544,325,169,12467,30,19,992,771,138,115,446,55,1187,6307,350,469,179,5593,1313,225,493,984,286,15,12,557,2598,41,63,4275,16,3,4749,18,12,1446,642,201,398,399,70,1301,137,21,9,938,842,14308,10,1720,2060,65,1009,51,115,86,1247,96,170,156,2450,9,69,39,170,662,71,1810,330,137,261,297,6282,36,8,2610,27,15,25,98,71,66,679,4197,23,17,296,6,1312,360,5,244,326,8,452,6,494,13,814,55,631,543,25,5,7,10,88,5,11,52,70,15,30,14,52,1519,14,11,10,7,126,15,146,14,298,4,6,8,90,61,116,1370,102,4,5,147,6,218,292,231,4,5,6,5,8,13,8,7,10,1003,74,8,494,541,754,1126,948,701,1854,865,1253,5,12259,608,816,1160,66,12,64,746,10,1318,13,24,435,6,6,23,50,3593,12,498,15,223,12,20,153,23,35,86,92,56,1994,6,55,10,17,165,4,129,43,461,157,96,6,113,110,62,6,5,3355,9043,74,338,134,4117,1110,401,524,2146,5,264,759,33,333,158,226,123,3190,195,158,156,440,486,191,72,1658,104,331,122,5117,2941,175,1454,88,1167,4175,31,2626,380,8389,437,2027,43,959,52,6,313,67,62,290,5,650,14,439,1450,1458,171,9,324,5,3025,18,316,7,20,10,652,5,38,7,71,5,7,15,8,14902,12,427,268,216,274,55,76,1213,4,107,196,7,111,69,8,58,93,6,866,99,9,100,15,102,228,419,159,5,16,285,703,80,5,6,139,15,5,42,5,5,5,7,12,28,210,11,663,487,197,409,96,106,27,87,2326,261,151,21,4,63,778,123,133,5,13,21,26,16,204,1379,86,6,20,286,20,340,32,41,5,14,42,501,38,9,199,6,17,27,299,19,29,5,353,4,6,151,5,46,110,34,35,35,8,34,38,60,3139,48,14,9,374,10,11,7,788,7,3,5,12,12,166,8,234,5,126,4,9,12,6,28,97,48,8,1507,4642,49,5,8,4,5,269,1789,1633,312,1608,254,15,163,1197,202,1061,59,777,5,442,1574,1146,5,60,974,8,133,6,104,6,39,7,60,6,10,90,6,389,40,718,479,954,3755,102,56,10,149,74,10,10,262,14,287,13,9,501,41,50,13,10,814,37,501,25,8,163,174,7,218,48,6,224,7,45,7,1572,146,475,454,912,208,7,263,292,9454,556,1290,65,6392,88,786,7,3260,322,33,627,1712,39,40,479,47,935,24,66,43,60,17354,103,707,6,10,104,612,251,25,116,425,14285,140,9,113,304,360,148,108,6,24,857,211,9,49,66,7,3760,4682,1273,1225,20,267,7,2365,28,219,60,68,84,4,11,139,53,13,487,342,24,81,258,7,27,793,846,13,22,2017,7,108,9,39,13,23,11,25,1354,1196,132,404,298,72,5,7,180,19,7,36,4,60,9,60,937,7,8,10,6,136,845,10,14,1013,177,914,184,7,9,28,18,335,5,102,8,1005,242,353,238,9,17,3,14,5,231,9,5,64,296,7,50,6,430,160,22,5,11,6,5,4,1583,516,16,8,591,29,52,6,26,18,7,98,32,40,35,67,259,18,47,10,5,13,7,6,2810,5,263,6,5,5,6,117,94,120,197,11,100,4,73,6,66,5,12,47,14,421,5,40,72,109,19,7,159,6,6,16,710,5,8,10,9,329,6,5,21,7,47,120,14,11,64,17,33,12,283,1059,60,266,28,31,8,335,247,6,5,5,100,8,219,4,5,10,9,449,43,100,13,11,5,7,11,82,468,20,1872,8,13,24,5,93,6,13,149,15,7,58,8,6,6,6,7,30,7,13,46,5,667,110,37,32,1185,256,10,6,5,4,16,10,383,171,19,45,1629,9,13,243,6,30,384,20,8,605,13,18,5,4,150,11,14,1382,43,6,157,43,5,6,6,13,6,9,6,8,16,5,146,6,6,99,9,6,356,6,19,9,82,10,7,5,27,9,21,356,200,5,1
5,16,8,4,5,27,10,7,4,13,10,9,13,24,49,7,9,559,10,306,7,20,17,6,32,5,6,7,4,15,9,4,70,32,27,22,1925,5,8,12,65,12,7,6,11,87,6,34,30,16,4,15,10,5,7,55,468,467,5,6,37,5127,11085,11942,577,127,177,10937,29,17,1057,864,211,138,408,62,1104,5198,417,457,164,4833,1456,175,420,1058,402,11,14,687,1665,52,64,4390,14,3,4612,19,13,1646,796,199,494,496,70,1701,112,19,9,964,1198,13835,11,158,1582,42,907,54,87,81,869,104,116,178,2086,14,124,34,176,553,73,1430,236,114,246,310,6919,36,8,2300,24,15,25,52,75,58,659,3782,17,6,297,6,1318,356,5,219,355,8,533,6,425,13,818,36,705,552,28,5,7,6,110,5,11,104,28,15,29,14,68,1524,11,10,8,7,113,14,110,12,240,4,6,7,62,36,115,1350,94,4,5,102,6,256,274,161,4,5,6,5,8,16,8,7,11,1136,76,8,476,604,1271,863,882,596,1740,769,717,5,10488,579,1108,1306,68,9,88,1099,10,1168,13,24,378,6,5,17,64,3424,11,660,14,221,12,27,177,20,31,85,99,57,1264,6,51,10,18,90,4,136,68,358,121,84,6,56,103,60,6,5,3800,8614,63,267,135,4406,981,488,495,2148,5,235,688,33,369,160,213,103,2193,251,179,144,475,399,203,106,1307,104,351,113,4972,2867,166,1624,84,1239,3866,31,2616,388,6986,465,1669,61,1014,59,6,429,48,90,245,5,744,14,507,1051,1345,158,9,308,5,3093,21,336,7,28,9,815,6,37,7,32,5,7,11,7,14555,11,445,164,193,264,116,78,1674,4,149,290,7,125,110,8,45,62,6,823,114,9,98,11,83,204,398,152,5,9,262,682,67,5,5,121,19,5,47,5,5,5,8,13,31,331,11,594,733,197,401,94,105,28,77,2328,191,165,20,4,46,723,122,134,5,13,21,29,17,202,1232,57,6,20,300,20,324,39,40,5,8,48,496,35,8,109,6,48,27,158,30,25,5,381,4,6,148,5,48,137,39,39,37,5,46,38,60,2690,46,15,9,291,10,11,7,691,6,3,5,9,15,222,9,262,5,123,4,9,10,6,28,95,14,8,999,3445,51,5,7,4,5,149,1744,1792,240,1599,231,14,189,1142,198,917,59,743,5,387,1350,853,5,62,927,11,151,8,94,6,51,7,99,6,6,88,6,502,32,757,473,863,3606,169,66,8,168,72,8,10,242,15,254,13,9,574,47,46,12,10,810,38,538,21,8,192,63,7,175,57,6,204,6,25,7,1489,163,514,461,893,196,7,397,269,9374,496,1041,53,6782,116,1218,6,2795,395,30,809,1778,59,53,456,65,960,22,74,57,78,16554,96,774,5,9,131,671,285,25,179,402,13523,145,9,135,308,297,138,116,6,17,872,189,9,46,67,7,4342,3915,1517,1365,19,233,7,2349,50,336,61,80,65,4,10,119,57,16,499,339,20,79,283,7,37,1002,971,13,23,1882,7,79,11,46,13,15,12,21,1325,1326,156,390,250,65,5,7,197,19,7,43,4,64,9,156,859,7,8,10,6,127,1355,10,18,1440,197,924,145,7,9,27,17,421,5,92,8,1304,203,437,271,8,28,3,14,5,160,11,5,50,350,8,69,7,419,99,23,5,11,6,5,4,1711,607,16,8,509,31,53,6,25,20,6,112,37,34,34,93,257,18,122,9,5,82,6,6,3277,5,378,6,5,5,6,135,115,128,257,11,13,4,60,7,63,5,11,46,14,410,5,48,94,156,19,6,182,6,6,16,612,5,8,10,9,295,6,5,19,7,46,62,14,11,45,17,41,13,185,970,92,250,21,29,8,454,188,6,5,5,123,8,177,5,5,5,9,513,70,97,12,11,5,7,11,78,722,36,1639,9,15,21,5,118,6,15,164,16,6,151,8,6,8,6,7,54,9,22,23,5,766,103,41,45,1278,223,11,6,5,4,16,10,414,105,38,53,1844,9,9,227,6,33,396,15,8,549,12,19,5,4,144,14,12,711,42,6,179,52,5,6,5,14,6,10,6,16,16,5,100,6,6,114,9,6,348,6,16,14,126,10,6,5,28,9,22,381,181,5,1
5,15,8,4,5,55,13,6,4,13,9,9,12,21,21,7,9,522,9,317,6,41,14,5,35,5,6,7,4,11,8,4,44,27,21,20,1544,5,7,7,62,12,6,6,9,65,6,32,26,15,4,13,9,5,5,94,423,211,5,6,36,5515,10983,10925,539,352,144,10786,49,19,998,706,131,128,389,52,1032,5914,348,360,172,5077,1417,184,501,1207,378,12,13,619,1822,33,58,5447,19,3,4617,35,13,1465,760,202,361,278,66,1418,119,31,8,906,983,13130,11,383,2149,61,760,56,137,75,638,110,110,181,2114,8,71,38,172,713,105,1764,191,101,269,227,6851,23,8,2470,21,14,20,74,64,46,294,4285,33,16,292,5,1391,329,5,204,278,8,455,5,303,12,883,53,484,668,27,8,6,10,103,6,9,22,92,14,29,14,53,1287,10,12,9,7,107,14,116,22,280,5,6,11,121,62,105,1206,100,4,5,102,6,242,204,236,3,5,6,5,8,17,8,7,10,963,83,8,455,505,922,1028,968,669,1880,617,1238,5,11415,391,861,1168,52,10,67,610,14,1462,12,26,316,6,5,18,54,3788,12,501,17,179,12,17,167,26,27,84,67,56,1414,5,55,10,17,161,4,145,37,433,187,90,6,79,158,54,5,4,3494,8622,67,284,152,5073,878,334,451,2277,5,235,681,32,271,117,210,118,3476,228,163,155,457,456,244,55,1146,93,292,98,4926,2829,130,1438,67,1134,3697,30,2373,360,8233,351,1931,29,967,48,6,227,42,47,245,5,706,13,390,946,1579,114,8,296,4,3203,16,210,14,23,9,430,5,36,7,30,5,6,14,7,15317,11,308,216,164,266,88,37,1546,5,94,140,6,103,88,7,44,59,6,718,96,9,74,12,50,213,449,131,5,10,239,732,52,6,6,105,13,5,51,5,5,5,8,12,33,198,11,575,547,165,339,85,106,36,52,1719,204,112,39,4,50,808,113,132,5,10,21,26,14,104,1134,84,6,25,279,19,329,23,38,4,21,28,530,32,8,136,6,17,26,186,18,24,5,343,4,6,228,5,46,103,29,41,37,8,44,37,61,2403,41,14,8,308,12,9,7,667,7,3,5,11,11,97,13,228,5,107,4,9,14,5,26,83,8,8,1364,3836,48,4,7,6,4,86,1729,1317,272,1446,194,15,195,1134,141,1189,55,818,5,460,1846,739,4,59,892,7,152,6,108,5,35,7,61,9,7,102,6,397,33,761,526,851,3067,114,48,9,169,78,11,11,296,13,246,12,8,571,51,45,11,10,734,27,350,22,8,163,161,7,229,48,5,184,5,25,6,1241,145,434,461,814,222,7,344,301,8771,594,781,51,5710,72,936,5,2952,308,41,702,1650,40,38,398,48,1024,24,63,51,69,17044,128,667,5,10,107,548,174,23,106,393,14527,120,9,112,279,266,176,119,5,14,972,187,9,46,66,7,3921,4238,1339,1224,19,210,6,2183,30,362,61,82,59,4,9,121,50,12,436,361,17,62,219,7,29,799,795,13,21,1583,7,81,8,45,24,14,12,20,1246,1122,164,387,216,93,5,6,162,23,7,51,4,58,8,67,725,6,7,9,6,165,543,10,17,1083,155,862,164,7,8,21,18,456,4,109,11,1024,175,418,231,8,15,4,16,5,168,7,5,34,211,7,56,7,373,164,21,8,17,6,5,4,938,445,15,11,655,30,56,6,23,7,6,80,35,27,30,76,253,16,108,9,5,60,7,6,2169,5,143,7,5,5,5,80,71,114,75,10,127,4,69,6,64,5,12,40,15,414,4,42,56,113,20,8,199,5,5,16,558,5,8,9,9,371,6,5,21,6,28,124,13,11,45,16,30,13,154,981,44,233,23,29,7,407,366,8,5,6,70,8,141,5,5,4,8,453,41,76,11,10,4,6,11,90,513,22,1258,8,12,20,4,79,6,19,148,38,6,64,12,6,6,6,6,58,6,13,18,5,624,103,17,39,1199,200,10,5,5,4,15,11,338,89,32,61,1162,8,12,221,8,38,394,21,10,138,12,11,4,4,84,11,10,668,41,6,167,42,5,5,5,11,5,8,8,7,23,5,142,6,6,54,9,5,378,6,17,14,65,8,7,5,28,9,21,290,171,5,1
5,19,8,4,5,48,10,6,4,13,10,9,13,22,26,7,9,586,10,295,6,26,13,6,35,5,6,7,4,12,11,4,95,36,22,22,1956,5,8,16,64,12,7,6,10,102,6,33,23,15,4,14,9,5,5,159,458,183,5,6,56,5267,11222,12958,574,380,176,10939,29,16,1006,751,177,28,429,61,1021,5639,421,440,180,4856,1392,268,423,1273,410,13,14,598,2214,32,64,4886,16,3,4808,35,13,1508,780,206,375,433,70,1417,163,24,8,999,1174,14214,11,277,2025,63,1019,97,88,78,879,103,153,122,2243,8,100,39,168,561,68,1523,279,152,235,297,5744,28,8,2506,24,15,19,47,51,60,616,3319,49,16,298,6,1318,332,5,218,272,8,465,5,450,11,860,39,654,557,28,5,7,10,104,5,9,50,52,14,29,15,55,1352,11,10,10,7,112,14,90,41,387,4,6,7,88,29,93,1291,100,4,5,107,6,262,267,201,4,5,6,5,8,13,6,7,11,1141,88,8,453,462,745,681,1364,1125,1864,865,878,6,10820,434,956,1259,65,11,84,625,34,1275,13,24,459,6,5,19,49,3202,14,613,14,257,11,17,134,22,33,84,96,63,1589,6,72,10,18,171,4,169,16,414,132,97,6,74,132,60,6,5,3719,8438,73,373,126,4478,1027,447,500,1713,5,194,727,32,389,114,332,117,2379,216,169,142,434,467,254,193,1609,104,328,121,4775,2890,147,1516,84,1157,3576,30,2830,410,8124,423,1791,62,896,50,6,306,40,71,230,5,731,13,482,1070,1168,149,9,366,5,2839,19,303,7,34,9,616,5,33,7,31,5,7,15,7,15072,10,271,264,215,276,103,75,1347,5,130,154,7,105,127,8,56,63,6,748,98,9,98,19,71,242,450,132,5,9,300,721,71,5,6,119,15,5,49,5,5,5,7,15,36,256,11,631,526,146,309,93,94,26,58,2499,217,144,17,4,45,717,120,130,5,12,21,27,18,167,1500,36,6,21,356,19,301,45,39,5,12,33,465,34,8,160,6,24,27,329,22,25,5,413,4,6,213,5,58,131,26,39,46,8,32,38,59,2735,44,14,9,396,10,10,4,733,5,3,6,11,11,137,12,233,5,147,4,9,14,6,26,84,15,8,1239,3968,49,5,7,4,5,161,1636,1836,290,1596,301,18,160,1226,193,784,58,793,5,394,1415,907,5,62,1012,8,138,7,93,6,38,7,69,6,6,98,6,479,39,700,471,884,3881,123,57,10,118,77,8,10,239,12,289,12,9,496,55,46,12,10,690,35,424,27,7,163,124,7,210,52,6,145,6,25,7,1339,178,569,429,875,238,7,350,229,9181,618,1089,57,6089,104,996,7,3173,300,32,797,1652,44,38,477,55,881,25,66,41,64,17724,123,640,5,9,112,622,208,24,112,403,13003,130,9,161,335,347,152,130,6,34,937,196,9,39,66,7,4583,5195,1298,1108,22,278,7,2043,34,310,59,107,114,4,10,105,51,13,446,369,13,77,242,7,31,882,844,12,22,1922,9,104,8,40,12,17,10,22,1263,1047,140,424,259,79,5,7,161,19,7,46,4,64,9,79,948,7,7,10,6,186,1069,12,15,953,177,899,146,10,8,23,17,298,5,131,8,1006,282,463,236,8,16,3,14,5,184,8,5,28,364,7,47,6,313,155,22,5,13,6,5,4,1346,546,16,9,556,43,54,6,24,9,6,97,34,29,32,85,247,18,166,10,5,64,6,6,2986,5,262,6,5,5,6,140,75,133,97,11,142,4,54,7,63,6,12,35,12,327,5,39,74,113,18,8,180,6,6,17,672,5,8,9,6,332,6,5,23,7,55,130,13,11,53,16,48,14,227,988,60,238,31,31,10,349,288,7,5,5,104,8,261,5,5,17,11,464,43,95,12,11,5,7,11,99,637,26,1432,8,13,34,5,112,6,14,118,22,6,106,8,6,8,6,7,44,11,13,28,5,646,110,27,35,1164,202,11,6,5,4,15,9,375,95,41,71,1821,10,13,236,6,34,375,20,8,665,11,17,5,4,163,11,20,837,43,6,168,43,5,6,5,13,6,10,7,16,16,5,127,6,6,118,9,6,271,6,19,14,87,10,6,5,29,9,21,325,210,5,1
5,15,8,4,5,53,10,6,4,14,9,9,13,23,19,4,9,503,9,374,7,21,13,6,39,5,6,7,4,13,9,4,130,33,22,21,2261,5,15,8,54,12,7,6,10,67,6,33,29,15,4,14,9,5,5,71,391,121,5,6,16,5660,12290,10217,578,264,254,10404,43,19,1249,810,121,284,437,63,1110,5776,367,360,216,4491,1240,581,661,1270,353,13,15,704,1854,33,75,4273,21,3,4418,35,13,2067,601,204,360,294,54,1290,121,9,18,1257,1435,13913,11,384,2606,80,664,72,89,82,829,104,135,150,1724,9,65,39,203,443,79,1843,411,126,286,230,7978,33,9,2670,23,16,22,81,62,50,784,4794,25,16,250,6,1514,422,5,205,257,8,535,7,323,13,1296,58,626,470,28,5,7,10,100,7,9,83,55,14,29,13,80,1971,12,11,10,7,110,14,102,23,330,4,6,7,136,43,122,1594,99,4,5,102,6,245,284,209,4,5,6,5,8,13,12,13,11,1230,94,8,406,781,1167,647,1107,791,1431,701,1577,5,10742,556,893,1080,57,13,55,1206,8,1366,13,24,337,6,5,24,49,3007,12,436,17,166,15,12,167,15,19,84,67,62,1491,6,74,13,18,135,4,149,43,512,126,135,6,65,99,80,6,5,3124,9909,73,368,196,3960,955,307,651,2193,5,303,612,31,360,128,181,122,2579,186,160,169,486,695,239,82,1399,92,260,120,4145,2646,155,1482,89,1094,3850,35,2306,391,7197,497,1912,54,975,34,6,343,52,61,226,5,572,13,465,1198,2313,113,11,296,5,3296,20,242,6,19,9,809,5,43,7,46,5,7,15,7,14136,10,443,217,180,270,39,110,1979,4,162,128,7,109,81,8,37,137,9,867,101,9,103,6,64,212,409,119,4,10,250,508,65,5,7,172,16,5,29,5,5,9,7,12,27,171,11,653,713,227,437,102,99,27,96,2156,219,180,37,4,44,581,117,158,5,17,21,27,14,157,1359,61,7,19,236,20,339,27,43,5,8,40,537,34,8,218,6,14,32,315,27,28,11,352,4,6,210,5,51,105,30,33,33,9,44,38,72,2986,44,14,10,277,10,9,8,1760,7,3,5,12,10,126,13,294,5,122,5,9,12,6,29,76,12,8,1417,4135,48,5,7,3,5,186,1463,1350,237,1506,133,16,185,1235,185,1182,57,737,5,352,1523,711,5,57,928,7,135,8,93,6,51,7,100,6,8,107,6,409,41,846,645,971,3940,102,67,11,176,67,8,11,425,17,246,13,13,421,52,40,16,10,831,28,365,21,11,178,230,7,225,44,6,145,6,24,7,1691,124,359,511,928,289,7,324,397,10330,638,908,64,6550,78,1288,8,2203,300,35,658,1419,36,53,472,45,1132,36,73,49,78,16371,219,578,6,10,124,553,172,25,110,483,12412,149,10,111,239,259,84,91,6,16,926,238,7,56,65,7,3452,3484,1396,1242,18,148,6,2203,20,433,49,48,61,4,10,101,59,22,557,376,17,92,168,7,34,743,1078,11,21,1690,7,84,9,30,12,14,19,23,1173,1868,216,325,208,81,5,7,181,33,7,41,3,61,9,150,1077,7,9,9,6,335,1226,9,15,1421,169,875,112,7,9,22,17,349,4,101,8,1210,134,275,163,8,16,7,14,5,189,9,5,18,134,7,79,6,592,178,19,5,11,6,5,4,1534,430,22,7,600,31,51,6,24,42,6,109,38,28,45,95,331,18,56,7,5,21,6,6,2214,5,353,9,5,5,6,94,71,200,63,13,13,4,70,6,84,5,7,56,14,419,6,39,70,111,17,6,120,6,6,17,621,5,8,9,9,289,6,5,15,13,36,100,15,12,53,16,27,14,172,896,57,288,22,28,8,434,220,8,5,5,141,8,119,5,5,25,9,530,42,40,12,11,5,6,12,79,395,21,1719,7,13,22,5,80,6,36,155,14,6,204,12,6,7,6,7,48,7,13,27,6,668,87,72,35,987,297,13,6,5,4,15,9,359,77,31,47,1453,9,12,205,6,26,311,29,8,268,15,17,5,4,107,21,14,477,42,6,133,29,5,6,5,13,6,9,5,12,15,8,115,6,6,119,9,10,370,6,11,14,90,10,6,5,27,9,21,315,204,5,1
5,16,8,4,5,53,10,6,4,14,9,12,13,23,25,7,9,671,9,379,7,26,13,6,33,5,6,7,4,13,9,4,105,30,22,21,1937,5,8,8,62,12,7,6,10,97,7,34,18,15,4,14,9,5,5,226,347,148,5,6,49,4703,10829,11082,603,252,219,10800,29,18,1047,736,152,187,463,61,1257,5011,439,426,160,4792,1292,191,555,706,248,15,14,794,1708,37,61,4754,18,3,4471,28,13,1965,737,206,386,393,69,1413,158,21,8,861,1009,12767,11,337,1918,64,948,68,88,79,1102,103,91,153,1847,8,66,39,154,510,72,1408,227,119,252,262,7275,23,8,2182,24,15,24,65,70,48,603,4239,23,16,307,6,1069,354,5,212,296,8,544,5,366,11,901,40,619,594,28,5,7,10,87,5,10,11,68,14,29,14,40,1694,11,10,10,7,111,14,111,42,379,4,6,7,100,66,114,1006,100,4,6,118,6,236,301,214,4,5,6,5,8,9,11,7,12,1187,48,8,335,526,837,712,1151,772,2141,728,1258,5,12927,420,1156,1315,58,11,62,883,9,1169,13,28,423,6,5,18,49,3759,12,673,17,183,11,22,145,12,22,82,92,51,1494,6,57,10,18,131,4,157,14,463,125,94,6,74,100,40,6,5,3222,8243,73,317,146,3743,1049,398,577,2057,5,195,813,32,481,197,266,113,2011,207,128,160,470,374,255,101,1373,106,366,121,4591,2529,169,1404,92,1104,3663,31,2767,397,6850,422,1389,30,866,32,6,328,73,48,234,5,773,13,564,887,1096,99,9,298,5,3019,15,238,7,31,9,579,5,37,7,20,5,9,14,7,15974,12,541,300,191,240,116,87,1536,4,99,168,7,110,67,8,33,158,7,809,111,9,86,6,62,155,374,166,5,10,242,672,69,5,7,114,15,5,52,5,5,5,6,13,34,221,10,542,485,197,362,98,99,26,54,2330,220,154,20,4,47,713,120,131,5,9,21,28,22,224,1942,56,6,27,296,32,363,38,38,5,12,40,501,34,8,168,6,19,29,82,11,10,7,360,4,6,194,5,49,151,25,53,34,8,28,38,60,2163,44,23,9,293,10,9,6,946,7,3,5,9,12,163,11,215,5,129,4,9,12,6,27,62,9,8,1157,3939,49,5,7,4,5,193,1842,1930,225,1501,252,15,179,1226,187,894,58,673,5,358,1469,899,5,83,835,10,130,6,140,6,39,8,51,6,6,86,6,405,38,722,485,820,3807,107,45,10,139,72,11,12,308,14,251,12,9,515,54,41,12,10,710,32,297,22,8,163,159,7,228,49,6,264,6,31,7,1484,104,447,462,870,409,7,298,264,9897,535,1131,61,6132,67,915,6,3289,357,33,645,1677,41,49,492,62,982,23,64,51,56,16591,118,646,5,10,112,602,256,24,182,425,13662,98,10,98,266,282,125,107,6,21,625,193,9,48,66,7,4548,5004,1242,1011,29,206,7,1971,26,283,68,70,68,4,10,119,52,14,456,381,18,63,220,7,26,821,852,12,22,2269,7,66,12,39,13,21,12,20,1521,1159,140,259,255,95,5,7,194,23,7,35,5,69,9,93,768,7,7,10,6,162,559,9,19,1050,147,952,180,7,9,23,17,381,5,107,7,986,277,423,230,8,15,3,14,5,162,8,5,19,251,7,47,7,318,151,24,6,12,6,5,4,1106,449,16,8,514,31,50,6,28,19,6,73,33,29,26,78,227,18,197,8,5,16,6,6,2838,5,185,6,5,5,6,111,84,103,67,10,213,4,49,6,68,5,8,39,14,466,5,39,78,99,18,6,178,6,6,20,624,5,8,9,9,307,6,5,23,7,34,131,14,11,52,16,32,13,318,1035,64,317,26,26,7,423,240,10,5,5,76,8,120,5,5,7,9,516,44,71,12,11,5,7,11,133,498,23,1352,9,13,38,5,94,6,16,107,14,6,103,8,6,7,6,7,49,7,13,27,5,565,98,42,36,1057,179,11,6,5,4,15,10,293,94,31,73,1505,9,15,235,7,34,383,21,8,596,12,18,5,4,111,12,10,766,42,6,155,52,5,6,5,13,6,10,5,7,15,5,119,6,6,99,9,6,305,6,13,13,80,11,6,5,28,9,21,327,206,5,1
