Feature,Fisher Score,Normalized Fisher Score
ISG15,0.03633392927721155,0.024624876499408897
MMP23A///MMP23B,0.055834713380222105,0.14003858912785747
CALML6,0.07224061812794531,0.23713552461319062
PLCH2,0.10668817931138161,0.4410104511892066
ARHGEF16,0.04398980607944589,0.06993552454845166
HES3,0.041390810593744456,0.05455359341558649
FBXO6,0.04905831078759124,0.09993303350766923
DRAXIN,0.053077526644156284,0.12372041669241451
LOC102724562///MST1L///MST1P2///MST1,0.0608600337153994,0.16978051509177353
HTR6,0.06242900733049736,0.1790663504191119
CNKSR1,0.044565066716531994,0.07334015512660694
CATSPER4,0.03717752194512222,0.02961760711143989
OPRD1,0.045948689998286024,0.08152901045585176
TINAGL1,0.03687632419616667,0.027834994152972994
CCDC28B,0.03947518188099439,0.043216109723225156
HPCA,0.0575001606426886,0.14989539543537767
RPS27///RPS27,0.046242600099444676,0.08326849209795076
CCDC30,0.03731861077442942,0.030452629206691496
ARTN,0.041887279537269166,0.0574919021355966
SNORD55,0.035397190909544754,0.01908087107876289
LURAP1,0.05500406245866187,0.13512245312793586
CYP4A22,0.04114798818811462,0.053116469903266586
FOXE3,0.054811314545400065,0.13398169118967632
ACOT11,0.043410948801687874,0.0665096075619785
MGC34796,0.04525467903239668,0.07742156627540063
PIN1P1,0.046536847948792745,0.08500997267364485
IFI44L,0.13091510002826118,0.5843953966724232
IFI44,0.09523556810238684,0.3732291572710707
GBP6,0.09607460517972502,0.37819492601231697
CDC7,0.04205422773762359,0.05847997069313563
HSP90B3P,0.07430078017890165,0.2493284164303152
GPR88,0.04567730460302128,0.07992283934728553
ERVK11-1///GSTM2,0.09046270427663766,0.3449813734337689
GSTM1,0.16886836771383196,0.8090185455075929
GSTM5,0.044134980631838905,0.07079472764420126
WNT2B,0.05201777565452827,0.11744837165419682
MOV10,0.06753270442628512,0.20927214249620893
HFE2,0.04077754949762041,0.05092406039063799
GPR89A///GPR89B,0.03663104644865538,0.026383338911015262
BNIPL,0.046407917135437224,0.08424690674957931
S100A1,0.036032105319176465,0.022838557376391438
ZNF320///RPS27///RGS4///RPS27,0.04172825598713419,0.05655073493844784
MTX1,0.04009886427853379,0.04690732032382465
IFI16,0.047191123882284004,0.08888224848413456
FCER1A,0.034482412383508444,0.013666833091114428
SLAMF8,0.070809109173005,0.22866326204785992
LOC440700,0.07019752936806307,0.225043679600094
FASLG,0.09032557145603706,0.34416976463562404
TOR3A,0.03399136418317249,0.010760606573200123
RGL1,0.11024363244012036,0.46205309457711136
CFH,0.035494887829923424,0.019659081894989893
GPR25,0.047804330480344756,0.09251145896698516
RPS10P7,0.05441150704564164,0.13161546490666787
RPS6KC1,0.034220736172337576,0.012118124953111233
DUSP5P1,0.06464391130783373,0.1921750690116347
SLC35F3,0.05787140476474127,0.15209257182537592
HES4,0.04303771825317622,0.06430067467791913
ACAP3,0.039341926891142374,0.04242745153267
DVL1,0.047771340308885274,0.09231620947607878
NPHP4,0.03874366494855591,0.03888668970722362
CHD5,0.06252589678978504,0.17963978234635566
KIAA2013,0.09208865746844647,0.3546044374826529
CROCCP2,0.09156193704376064,0.35148708797459705
ESPNP,0.03819687235452257,0.035650544792138625
RAP1GAP,0.04227514622788906,0.05978745776725149
FAM46B,0.04228556728497809,0.05984913389687811
IFI6,0.05112027127067137,0.1121365691905594
SPOCD1,0.05438375323160719,0.1314512063465815
SMIM12,0.035742013897804056,0.02112167626200155
FHL3,0.052649343561135556,0.12118625196164924
ORC1,0.05379213599433971,0.12794977063777407
ITGB3BP,0.042750361820970244,0.06259998036155896
GBP1P1///GBP3///GBP1,0.09517554962359515,0.3728739430690637
GBP2,0.05184437134021439,0.1164220931417515
GBP2.1,0.06218488759138949,0.17762154875024064
GBP7,0.07634041719274964,0.2613998325815384
GBP4,0.07058551449974207,0.22733993621496507
GBP5,0.08024356272068958,0.28450026351442226
GSTM3,0.04664312358111358,0.0856389558582846
TSPAN2,0.04028163481148267,0.04798903199527758
ZNF697,0.04781129372985327,0.09255267035999844
TDRKH,0.06660556424041103,0.2037849430885585
THEM5,0.036576872034840335,0.026062712304678
AIM2,0.1158296621328182,0.4951135306232434
VSIG8,0.03857756419079319,0.03790363666573926
ADAMTS4,0.061522914768983306,0.1737037195650421
PIGC,0.05949380663417071,0.16169461767835674
LMOD1,0.03960491128074149,0.04398390201212918
ZNF320///RPS27///RGS4///RPS27.1,0.04005053374088336,0.046621280195689285
KLHL12,0.04501712067483012,0.07601559757856037
PLXNA2,0.039063975869409934,0.040782422328841265
TAF1A,0.033260095057019705,0.006432653177376188
FAM89A,0.03902735521617211,0.04056568614394068
GNG4,0.05864271824481196,0.15665752428395852
SUV39H2,0.0381739964644157,0.035515155805061614
BMS1,0.03494920216790535,0.016429488261783313
FAM35DP///FAM35BP///FAM35A,0.06557342716643387,0.19767632863388243
FAM35DP///FAM35BP///FAM35A.1,0.062496542517923255,0.17946605161434112
REEP3,0.0626802565773489,0.18055334746605425
H2AFY2,0.06567561098736391,0.19828109478491507
NUDT13,0.037680019040482515,0.032591592929353215
IFIT2,0.04138012574461542,0.05449035605547099
IFIT3,0.05871341049200042,0.1570759102657206
IFIT1,0.04275374478982309,0.06262000217160267
IFIT5,0.09058496866547823,0.3457049846980031
NKX2-3,0.08182974487830895,0.29388794611984076
NANOS1,0.04537878558678805,0.07815608023792486
HTRA1,0.05182131626575153,0.11628564366748276
ANK3,0.041982047189718034,0.05805277633165099
DNA2,0.038697694255160765,0.03861461611424339
C10orf55,0.06092192527602125,0.17014681496740947
ZNF503,0.04069370485201296,0.05042783307062581
GRID1,0.043089836155488365,0.06460912999789382
ANKRD22,0.06986667532086792,0.22308554839248548
MYOF,0.06873435038569858,0.2163839807027286
PIK3AP1,0.05015119687226983,0.10640118575459614
SFRP5,0.04222278951851257,0.059477589088216334
ALDOAP2,0.09425763654648575,0.3674413535106242
CLRN3,0.040077225087729686,0.04677925063515036
SPRNP1,0.0632094145899785,0.18368512362859563
PGGHG,0.07520521642555043,0.2546812445273844
LOC692247,0.04720357896041515,0.088955962792267
LOC171391,0.07873185039384327,0.27555332419414186
MUC5B,0.03882612141749511,0.039374701223080386
BRSK2,0.05491431707008099,0.13459130276840733
TRIM22,0.049342148868099886,0.10161290476227061
C11orf42,0.04916779796176146,0.10058102392638432
AKIP1,0.03398159636933295,0.01070279660753261
ADM,0.033450746057032334,0.007561004715014459
RCN1,0.042229333944451344,0.05951632170997277
PRRG4,0.06992561043680927,0.22343435080468846
PRR5L,0.03456488452088293,0.014154937339257122
P2RX3,0.046431526242535326,0.08438663521832401
SERPING1,0.09998478736719285,0.4013370028090966
MIR130A,0.03506587461229199,0.01712000408396607
FAM111A,0.03589077634153881,0.02200211398391131
MS4A4A,0.03600438893419135,0.022674520336912706
ACTN3,0.035619437796605015,0.02039622015499723
RHOD,0.04461289037506295,0.07362319533429175
IGHMBP2,0.058109515810413744,0.153501811559211
MOGAT2,0.0803011115760994,0.2848408614629601
TMEM126B,0.054700720617394775,0.13332715054362695
JRKL,0.0687615633375701,0.21654503821664597
GRIK4,0.06919098839831124,0.21908655348567463
CRTAM,0.0347449873051513,0.015220860169710065
VWA5A,0.034737341217527355,0.01517560745807036
SPA17,0.0383462037425091,0.03653434976164361
IRF7,0.051171202769765965,0.11243800288518362
SLC25A22,0.0584717224990161,0.1556455006770245
TRPM5,0.05427639127407835,0.13081579383967884
LMO1,0.042395571483605655,0.06050018428035291
ABCC8,0.03454706586069621,0.014049479132276785
SAA2-SAA4///SAA4,0.06244284785342675,0.17914826436306214
ACP2,0.0402444530963807,0.04776897521401467
LOC441601,0.089482005400204,0.33917719152488435
UBE2L6,0.08565990599564993,0.31655642509906323
MACROD1,0.043684535875243666,0.06812880911405106
BATF2,0.09230276431383311,0.35587161042271037
LTBP3,0.03689733780012601,0.02795936135973967
SNORA70E,0.03878360073424137,0.039123046218241114
SYTL2,0.04640052929578978,0.0842031824563657
ME3,0.04381389981966458,0.06889443848705526
SMCO4,0.0551658823546641,0.1360801702574683
CARD17///CARD17,0.06448582338967464,0.19123943927182202
RDX,0.06585225607687922,0.1993265535465143
COLCA1,0.038357470779036444,0.03660103274777751
TREH,0.05741620153403852,0.14939849067569752
PRMT8,0.054487991422791544,0.13206813111118124
TIGAR,0.032985886219615644,0.004809771769471802
NDUFA9,0.04070772033773773,0.0505107825168246
KCNA6,0.04616324872778039,0.08279885783311515
APOLD1,0.03582204825655007,0.02159535272710781
EMP1,0.03421479858860021,0.012082983874703714
ASIC1,0.03653994118973125,0.02584414027588006
EIF4B,0.05375604271200077,0.1277361556521571
HOXC12,0.05275925107545451,0.12183673012736344
HOXC8,0.04679875792115676,0.08656006430715402
PDE1B,0.05984701545923729,0.16378505371511964
METTL7B,0.036084297335416606,0.023147451333271306
INHBE,0.03791768152580946,0.0339981778973829
GLI1,0.037206245190648905,0.029787603168391324
MYF6,0.03380498895291071,0.009657560810892907
TCTN1,0.042418046031302614,0.060633197956913264
TRAFD1,0.040236095350073706,0.04771951061169911
OAS1,0.10831229421850164,0.4506226355083485
OAS3,0.08539596379753747,0.31499430591233935
OAS2,0.0843450883333222,0.30877478990751855
CABP1,0.06492649536617508,0.1938475184439503
ZNF664-FAM101A///FAM101A,0.03658928395598609,0.026136171191906123
MMP17,0.05107507100863437,0.11186905532927506
PARP11,0.07039928735558967,0.2262377668875531
SCARNA11,0.06602266968632614,0.2003351318295612
C1R,0.04353702469186147,0.06725577686886423
SLC2A3,0.0438545574397662,0.06913506711294934
C3AR1,0.03356436578267964,0.008233453284031599
LINC00612,0.07041942095677996,0.22635692587365727
CLECL1,0.10209661778271285,0.4138356893957152
KLRC2,0.03217320704376089,0.0
PRH1-PRR4///PRH1,0.036067899473370774,0.023050401997825022
KIF21A,0.060150914640599656,0.16558365486882207
RACGAP1,0.04259252680894877,0.061665847424958634
CELA1,0.038540689108884044,0.037685394666641614
KRT85,0.06380821080399443,0.1872290474935221
KRT5,0.03486084155584528,0.01590653358293018
KRT71,0.03837974747303451,0.036732875444246735
KRT79,0.04650949502431831,0.08484808674392201
GPR84,0.04081616494857047,0.05115260261414168
STAT2,0.035082510840519325,0.017218464169145634
AVIL,0.03393024923102219,0.010398902987974192
MIR26A2,0.04238925870010496,0.0604628226144329
DPY19L2,0.03916659191083571,0.041389746539684434
ALKBH2,0.056694073952924286,0.14512464072753425
HRK,0.03863067050527617,0.038217941818091995
HNF1A-AS1,0.038574362441077606,0.03788468738556516
OASL,0.11259576416559865,0.47597398378826355
MORN3,0.04212053209064457,0.0588723873008554
IL31,0.056738197654894296,0.14538578306070246
GSX1,0.0354355917268787,0.019308143011679334
LACC1,0.041905325900005945,0.05759870798052515
CDADC1,0.11447848376001239,0.4871166976956531
ST13P4,0.0816149798997358,0.2926168780751528
OLFM4,0.04332925264869718,0.06602609591063613
CLDN10,0.0745240420180866,0.2506497724133606
CLYBL,0.0360404604885779,0.02288800672751317
FOXO1,0.055474174401972484,0.1379047702102565
EPSTI1,0.1973687543485059,0.9776956312841655
CCDC122,0.04270376483618642,0.06232420011688857
IRS2,0.03881090486086284,0.039284643342070324
GRTP1,0.03674282827897173,0.02704491005467108
GAS6-AS1///GAS6-AS1,0.05051989862471093,0.10858331534882479
CMTM5,0.03340555143772072,0.0072935242497147315
REC8,0.0705470117475817,0.2271120609895501
AP4S1,0.03931160990555023,0.042248023062285964
IGBP1P1,0.06319882045816566,0.1836224231711096
SAMD4A,0.04882702119644214,0.09856416596542958
SIX6,0.047015899337273535,0.08784519709294632
ACOT1,0.05226482772784098,0.11891052809072565
AHSA1,0.03773319182156133,0.032906291458533826
IFI27,0.03858863594811691,0.037969163908710704
CYP46A1,0.034604435841343546,0.014389018425925448
SLC25A47,0.03993894972796954,0.04596087981730775
DLK1,0.0372471790459215,0.030029866668374205
MIR487A,0.051601853414359154,0.11498677166677643
MIR382,0.05412587036991381,0.12992494882103475
TDRD9,0.06553758241283199,0.1974641845442093
MIR203A,0.05414480575258925,0.13003701625396819
KLHL33,0.034840493547555376,0.015786105646857083
SLC22A17,0.04312779145355456,0.064833765163362
PSME2,0.06096439950590196,0.17039819504195788
C11orf58,0.041300636348406444,0.05401990490424495
CATSPERB,0.03780071894351434,0.03330594491895583
RTL1,0.03557537245061057,0.02013542319664873
TMEM179,0.04898326483619767,0.09948888050221501
SNORD116-6,0.037515242818535854,0.03161637903911701
B2M,0.06032795219740539,0.16663143641430694
SLC27A2,0.04197117891309056,0.057988453371670315
AP4E1,0.051022550372324275,0.11155821646278964
SLC24A1,0.03638774775360986,0.02494339652077441
CORO2B,0.07000904679252914,0.22392816169613525
PML,0.0731560749687013,0.24255357714813702
ODF3L1,0.05962503546654103,0.1624712842302118
ISL2,0.04202176265368039,0.058287828887509475
MORF4L1,0.07086325405747672,0.2289837138873198
WDR93,0.04058088148655593,0.04976009769086629
IGF1R,0.03642392564911716,0.025157512282147142
LPCAT4,0.03646509600032779,0.025401175462988285
CEP152,0.04352285658040793,0.06717192412042348
NEDD4,0.04709727119450266,0.0883267894277302
RBPMS2,0.12763098931581254,0.5649586700257219
MAN2C1,0.09193122837685548,0.3536727069511901
SCAPER,0.08378492612963363,0.30545951810817334
MESP1,0.04528488066127987,0.07760031201702941
HBA2///HBA1,0.05528205154867741,0.13676770763562224
HBA2///HBA1.1,0.05528205154867741,0.13676770763562224
HBQ1,0.041009698278667406,0.05229801297435312
DECR2,0.04374179335545342,0.06846768258354079
TPSD1,0.05799162146407483,0.15280406401547106
TNFRSF12A,0.04240677521211467,0.0605664925834281
CRYM-AS1,0.08561952175662522,0.3163174144555478
TRIM72,0.04328077916110757,0.06573920974558689
TGFB1I1,0.04132424887517245,0.05415965361199986
HSF4,0.049189644063982386,0.10071031820247388
SLC9A5,0.046581839358324245,0.08527625045934763
CDH1,0.03604703270191158,0.022926903806575194
FUK,0.04801323388376045,0.09374783578350515
ZNRF1,0.042821468366546246,0.06302081833267642
GAN,0.03918226470978303,0.041482504651575436
OSGIN1,0.040590969382609234,0.049819802035572215
BANP,0.058282280469938816,0.15452430432983247
ZNF469,0.037851277872401966,0.033605173588870586
RGS11,0.049246331992724476,0.1010458208306134
SSTR5-AS1,0.037785372033317596,0.03321511555159167
PRSS27,0.03861029073752781,0.03809732591639702
TIGD7,0.05691067106785249,0.14640655211358028
ANKS3,0.03735543571198778,0.03067057443076406
ABCC6,0.03603468101991789,0.022853801439584886
ZNF747,0.0424130162992824,0.060603429920771106
SIAH1,0.06990986011729107,0.2233411338939695
ZNF423,0.04597134654046712,0.08166310125110544
GFOD2,0.034880649905231924,0.016023767594223127
ZFHX3,0.039791402694213614,0.04508763539476899
CHST5,0.03917731553058625,0.041453213360387015
TAF1C,0.04129820303905252,0.05400550357222533
LOC654780,0.03945169679160009,0.04307711524258845
C16orf74,0.051933898234594524,0.1169519503621548
VPS9D1,0.05265778780737979,0.12123622850639985
FANCA,0.04218227181107546,0.059237788523387326
DBNDD1,0.07575159103450667,0.25791491563375907
CYB5D2,0.03768374955991393,0.03261367168758867
SPNS3,0.05700690648756196,0.14697611316386194
XAF1,0.10625441579043464,0.4384432591167838
GUCY2D,0.07305644942998489,0.24196395197023995
MIEF2,0.04818471573133179,0.09476273634196723
TVP23C-CDRT4///TVP23C///TVP23B,0.044450945330308876,0.07266473752264087
SLFN5,0.03616412442710942,0.023619901106159018
CSF3,0.035252046212685594,0.018221844680421283
IFI35,0.05520717355757563,0.13632454868870164
WNT9B,0.04405466286248338,0.07031937383779069
DNAI2,0.044358920231003594,0.07212009489136408
MYO15B,0.05955432307472103,0.16205277902418141
ENPP7,0.04632960228277331,0.08378340703325268
RNF213,0.05537405121829088,0.13731219976345635
RNF213.1,0.04498186716019629,0.07580695268584223
BAIAP2,0.04919566132440566,0.10074593084049056
BAHCC1,0.03854099189855651,0.0376871867012624
LRRC45,0.06930014685214511,0.21973259840136616
FN3KRP,0.08607288928657209,0.3190006311682685
ITGAE,0.04892869964430716,0.09916594110946539
SLFN11,0.03635546097433371,0.024752309995976645
RDM1,0.055903947010650074,0.14044834241183973
CCL3,0.03994673270846633,0.04600694271763549
CCL3L3///CCL3L1///CCL3,0.05046063872581071,0.10823259073662805
CCL3L3///CCL3L1///CCL3.1,0.05046063872581071,0.10823259073662805
SRCIN1,0.0360333535485098,0.022845944914287895
TNS4,0.055122020967352074,0.1358205804110306
HAP1,0.040976648497683094,0.052102410689603564
DHX58,0.04268265526247305,0.062199264921391106
MPP3,0.061770386873291394,0.17516836191887247
SLC25A39,0.041353275464662435,0.054331444984094694
FAM171A2,0.03922958322396007,0.04176255520587037
WNT3,0.045147565063665525,0.07678762146885709
PRR15L,0.05073822693019661,0.10987547263721252
COIL,0.036891964765700516,0.02792756151785378
C17orf47,0.07317368698833447,0.24265781237078307
ERN1,0.03721182011703588,0.029820597890478005
ACOX1,0.03279145240330549,0.0036590319590962747
FOXJ1,0.06511218443676497,0.19494650322928503
QRICH2,0.05026857480760967,0.10709587696427637
LGALS3BP,0.06884272080789723,0.21702536172099893
CCDC57,0.05950690289662731,0.161772126780744
B3GNTL1,0.04662630487617483,0.08553941580039101
CCL3L3///CCL3L1///CCL3.2,0.05046063872581071,0.10823259073662805
RBFOX3,0.039356154293707195,0.04251165519045071
TGIF1,0.04665742516801748,0.0857235985696924
ZCCHC2,0.05847044927678416,0.15563796522080833
RPL6P27///RPL6,0.03976345002718359,0.04492219994034005
KLHL14,0.045047444665884666,0.07619506751017077
RPL7A,0.04950365241162381,0.10256874958688299
TPGS1,0.04269027449288949,0.062244358680959344
APC2,0.049568794232209876,0.10295428584642517
AMH,0.03701599329459384,0.028661613693182122
GIPC3,0.03620959160618238,0.023888994692951894
NRTN///NRTN,0.04598801451646575,0.08176174923273749
CCL25,0.06335631443594279,0.18455453772588154
OR7D2,0.04182147328916189,0.05710243351894557
C19orf66,0.05152332594002073,0.11452201356736576
ANGPTL8,0.0378127659177745,0.033377243899446046
CNN1,0.05955006262162505,0.1620275638991542
SNRPG,0.05956986879880629,0.1621447850544364
ANKLE1,0.04436815088823517,0.07217472574187085
FCHO1,0.04126038774258154,0.053781696994151015
NDUFA13,0.04704488905956286,0.08801677026968653
CEBPA-AS1,0.04090397597645044,0.05167230462631784
CHST8,0.04282757428391619,0.06305695567920286
FFAR3,0.03458832793930413,0.01429368519382544
FFAR3.1,0.03869624273185088,0.03860602539844058
UPK1A,0.06202910793525053,0.1766995802605631
KCNK6,0.0547336362001255,0.13352195858756072
LGALS7B///LGALS7,0.03940431485013204,0.04279668929932969
IFNL2,0.05849380005005675,0.1557761647630369
IFNL1,0.0409727346278475,0.05207924678777868
TMEM91,0.035686545757999996,0.020793392849726245
ZNF230,0.033130633969346665,0.005666448870393686
CEACAM16,0.05322454188573867,0.12459051374873606
NECTIN2,0.10619996223017021,0.438120980406207
GIPR,0.07229239064186477,0.2374419357816846
ZNF114,0.04173542027774834,0.05659313617594476
DKKL1,0.0613025056526537,0.17239924717673297
RCN3,0.037388255051527514,0.03086481286765386
MYBPC2,0.043659261422536434,0.06797922444062537
CLEC11A,0.03587963797027961,0.02193619249209501
GPR32P1///GPR32,0.07385910896571529,0.2467144233618478
SPACA6,0.07316755690963724,0.24262153202752018
ZNF761///ZNF525///ZNF845///ZNF765,0.03993169953882108,0.045917970196727255
ZNF331,0.037007476752629886,0.028611209272435573
MIR520C///MIR520B,0.043888175081845185,0.06933403023472202
CACNG8,0.03807078440736854,0.034904304127051734
CACNG6,0.03610331091380442,0.02325998156079949
NLRP2,0.04984524027143116,0.10459040794076868
EPS8L1,0.0341767224971061,0.01185763380372697
BRSK1,0.04728647698233394,0.08944658760143681
CCDC106,0.04236057590426399,0.06029306595546557
ZNF667-AS1,0.04124035821708271,0.05366315397107077
ZSCAN22,0.06323529510439226,0.18383829522607845
MAP2K2,0.08509643113265167,0.3132215476106551
TMIGD2,0.05067936878024594,0.1095271257416023
SEMA6B,0.0491827381377698,0.10066944607245477
SH2D3A,0.057098890238862866,0.14752051108053293
CLEC4G,0.03980844903862554,0.04518852271729569
ADAMTS10,0.04454688215511255,0.07323253136466734
YIPF2,0.07456744389533027,0.2509066426890006
ZNF653,0.037544183578777736,0.03178766243819272
RTBDN,0.04377691246058072,0.06867553198516076
DNASE2,0.03639190893112058,0.02496802409179314
MIR24-2,0.03603153179616487,0.02283516302980022
MIR23A,0.05234189253667201,0.11936662953019637
PGLYRP2,0.039337170812159726,0.04239930308848222
NR2F6,0.039746498815812215,0.04482187565452748
KIAA1683,0.048331910688859274,0.09563389703164489
ZNF850,0.036044517360292586,0.022912016973653852
PPP1R14A,0.042131613895631664,0.05893797401005791
LGALS7B///LGALS7.1,0.04702028237942527,0.08787113775075098
IFNL3,0.04078802451143232,0.050986055858485854
LOC100507646,0.0334539529169783,0.007579984239647337
NUMBL,0.1026266292322958,0.4169725165514248
CEACAM1,0.04033522645335468,0.04830620951601883
CEACAM20,0.045368918220890946,0.07809768108197133
CKM,0.03805168496488018,0.03479126572023327
SIX5,0.05746995985036203,0.14971665464483727
GNG8,0.03516350712909934,0.017697833733198266
DACT3,0.06239511161684171,0.1788657415546414
FAM83E,0.03775529927816971,0.0330371325380754
FUT1,0.05165612839411082,0.11530799346395569
TULP2,0.04286557067513105,0.06328183405093524
CTU1,0.04869065454203357,0.09775709165596201
LILRA3,0.033759510912676795,0.009388402943253535
LILRA4,0.03536438913401583,0.018886736592959637
TNNI3,0.04027653544163688,0.04795885181365724
PTPRH,0.04086211060555102,0.05142452803125658
TMEM86B,0.03664535837059461,0.026468042789440375
FAM71E2,0.04271584979702332,0.06239572391766443
SBK2,0.03695511298534871,0.028301298821798892
ZNF835,0.060440996147009374,0.16730047730235847
ZNF418,0.040044465647426246,0.046585366706736096
SLC27A5,0.05339501992939668,0.12559947338011662
RSAD2,0.1311604878269073,0.5858477032425524
FAM84A,0.08199691945653348,0.29487735447532376
C2orf70,0.03995691713143683,0.046067218348594445
CRIM1,0.04881146718201056,0.0984721108694733
CYP1B1-AS1,0.036262711267223115,0.0242033788357582
GALM,0.06784436022933572,0.2111166505478989
VRK2,0.054894082911081755,0.13447154863956412
OTX1,0.04388878816432384,0.06933765871061484
ANAPC1,0.03664027190786022,0.026437938997448132
CNGA3,0.04530203861855236,0.07770185991066679
POU3F3,0.04078676412866294,0.05097859639152397
CBWD6///CBWD3///CBWD5///CBWD2///CBWD1///CBWD6///CBWD3///CBWD5///CBWD1,0.05605646080986431,0.14135098220834244
FMNL2,0.08143346712075737,0.29154261031234147
GPD2,0.08019069481088911,0.2841873693396677
DHRS9,0.10338821539558143,0.421479898722672
METAP1D,0.038272784153971534,0.03609982224480057
HOXD12,0.0564755986829913,0.14383161364271174
MTX2,0.04491394152334824,0.075404940649307
HNRNPA3///HNRNPA3P1,0.03696008237634115,0.02833070973476066
SPATS2L,0.07268062818867232,0.23973968629377318
IGFBP2,0.03495391551433113,0.016457383797010502
WNT10A,0.06316316971453999,0.1834114273127857
SLC4A3,0.07805272788948858,0.2715339960920989
SP140,0.10570671356440038,0.4352017306229772
PTMA,0.05093859956076234,0.11106136080871169
CMPK2,0.11882330221912603,0.5128311318647646
TTC32,0.06503620603868882,0.194496831618379
ALK///KIF5B///ALK,0.05349477190531016,0.12618984686568435
MYADML,0.050155780009827414,0.1064283106598417
EIF2AK2,0.062179884803786674,0.17759194018231422
LOC375196,0.046784621509501606,0.08647639917124221
SLC8A1,0.04022673820319781,0.04766413114311712
COX7A2L,0.0660470076964488,0.20047917424813308
SRBD1,0.04685935162430453,0.08691868292501313
PNPT1,0.03468980584465254,0.0148942734442338
VPS54,0.04264087489920158,0.06195199143666073
NAT8B,0.0464578013012995,0.08454214189259338
REG1B,0.04019069348410113,0.04745080357487049
CREG2,0.040894498513667936,0.051616213078396055
RBM43,0.03890289754962432,0.03982909415433261
RPRM,0.04579802605546727,0.0806373188752415
IFIH1,0.08959856428007548,0.3398670352252566
LINC01124,0.050310951770608583,0.10734668137315488
SESTD1,0.053449122722470835,0.12591967610526208
STAT1,0.06168309834820055,0.17465175229449126
PGAP1,0.07268103792272966,0.23974211126953301
TMEM237,0.03498982518750738,0.016669912107598054
BARD1,0.04166195128994783,0.0561583162938149
NPPC,0.03563482165238332,0.020487268181606604
HES6,0.050356461273047756,0.10761602544714867
TGM3,0.059227606877567576,0.1601191373259737
SNORD57,0.03584133791575768,0.021709516915210596
HSPA12B,0.04040774881479865,0.04873542687151679
LOC643406,0.058073577132657234,0.1532891115875111
CRLS1,0.040925861486585106,0.05180183213475376
BMP2,0.03643698290095862,0.025234790503565686
BTBD3,0.04259262601729119,0.06166643458099617
SLC24A3,0.04835497446839386,0.09577039802613156
LINC00028,0.04535660121829323,0.07802478396200181
MYH7B,0.04176838962693796,0.05678826243203877
MMP24,0.04334021394066821,0.06609096937392349
MYL9,0.08226321454327551,0.2964533990309305
TLDC2,0.038634508313141254,0.03824065555368973
LOC100287792,0.05049363650629294,0.10842788526088078
WFDC2,0.040434990844801136,0.048896656481850084
CD40,0.07624659037144388,0.26084452661364393
SNAI1,0.036619027205262715,0.02631220405327803
MIR1-1,0.0353803985425118,0.018981486899498346
COL9A3,0.0369397067782825,0.028210118511015396
SLC17A9,0.1068003284357393,0.44167419613103964
SIGLEC1,0.041856665420409264,0.057310715119373135
GPCPD1,0.03333337443100476,0.006866350846455964
NKX2-4,0.04212212738612662,0.05888182891988723
NKX2-2,0.059208470742218126,0.16000588175561437
NAPB,0.07300434396525511,0.24165557026102621
TSPY26P,0.06599110033323347,0.20014829132989426
NECAB3,0.052956306998438285,0.12300298865044877
TGM2,0.03582624939258625,0.021620216789221006
ADA,0.034010326750868854,0.010872834898340551
BMP7,0.053262740869020865,0.12481659114418549
ZBP1,0.052449759851072204,0.12000503294825506
CHRNA4,0.049657327262069284,0.1034782609651868
EEF1A2,0.054810767894048096,0.13397845588069024
HELZ2,0.04443720219707791,0.07258339997124014
ZBTB46,0.08619527544377621,0.319724963108084
MAP3K7CL,0.046466490947064724,0.08459357081329179
LINC00189,0.06648949744780248,0.20309801176430675
KCNJ15,0.04148189012736757,0.055092639797741365
MX1,0.0694980595308815,0.2209039275596477
PSMG1///PSMG1,0.06434095712249804,0.19038206073559719
DNMT3L,0.04140146730301242,0.054616664232355734
SPATC1L,0.048466132163532516,0.09642827527944636
TPTEP1,0.09568563977423865,0.3758928677312716
USP18,0.09440531690110311,0.3683153869812088
RANBP1,0.04769176357301037,0.09184524141255575
LOC440792,0.04236178308791846,0.060300210568043744
ZNF74,0.047495870183733746,0.09068586324517759
P2RX6,0.0402643015322847,0.047886446473911055
VPREB1,0.06389748864444302,0.18775743070966316
CRYBB3,0.03823733841159293,0.03589003966871663
KREMEN1,0.03682220165247373,0.027514674535489846
RFPL1,0.0444246417795573,0.07250906222099587
TCN2,0.03745974940733146,0.03128794606023348
APOL6,0.07494741592700295,0.2531554744610291
APOL1,0.043322034255483734,0.06598337447156091
APOBEC3D,0.04522031895437396,0.07721820911038317
CACNA1I,0.07346168218894776,0.2443622871829945
FAM83F,0.04426731943803619,0.07157796348063553
SMDT1,0.04305761976975684,0.06441846009123241
OGFRP1,0.04209574907451384,0.058725711152518546
RIBC2,0.05659556875049802,0.14454164616356296
MIRLET7A3///MIRLET7BHG,0.0399727687775522,0.046161034952059386
USP41///USP18,0.09124066090001556,0.3495856427643582
SCARF2,0.04551795882849612,0.07897976509281159
DRICH1,0.05151140270048717,0.11445144690020731
TFIP11,0.03357991292192969,0.008325467689817586
RNF185-AS1,0.0531619921556692,0.12422031855386127
LARGE1,0.03440415677586543,0.013203684011345845
APOL3,0.04112319186387201,0.052969714992014784
CHADL,0.05207790792292992,0.11780425931021848
CENPM,0.05583210669184324,0.1400231616669984
WNT7B,0.0365748007346931,0.02605045349299652
SCO2,0.038238426223169426,0.035896477787923556
SLC22A14,0.036479589497261836,0.025486953977395258
RPS27///RPS27.1,0.03687646530267856,0.0278358292797211
CCRL2///CCRL2,0.04230538386466529,0.059966416618496686
DZIP3,0.03446848878148841,0.013584427450715314
PHLDB2,0.050080971674812354,0.10598556396647626
GRAMD1C,0.04546968945179153,0.07869408694047111
TIGIT,0.03821266536621941,0.03574401437284309
DTX3L,0.046432190128937685,0.0843905643728675
PARP14,0.07616243639798666,0.26034646856337124
CFAP100,0.04068574721506415,0.050380736481116385
EFCC1,0.04341807846069291,0.06655180383527705
MRPS22,0.034554343065012316,0.014092548639802274
C3orf80,0.03779461801526407,0.03326983710010486
MTHFD2,0.05079383994887755,0.11020461350265351
HTR3E,0.03347040372171588,0.007677346911858874
ECE2,0.047158853064609214,0.08869125642670092
RTP4,0.05830191890587081,0.15464053272296552
RPL35A,0.03711124657271127,0.029225362022966737
LMLN,0.03532268652514572,0.01863992329096279
SGO1,0.04008063006419939,0.0467994026953806
XCR1,0.036412246054841786,0.02508838760848304
MIR425,0.05139302604459743,0.1137508448488946
LAMB2,0.03571461790018797,0.020959535407596395
CAMKV,0.05661248114541822,0.14464174071754954
MIR135A1,0.04450072875486272,0.07295937643688996
ITIH4,0.037447498232145014,0.03121543853413298
CPOX,0.03536670344819831,0.01890043366229685
PARP9,0.05352810104367728,0.12638710250306476
XRN1,0.06899238595858252,0.2179111420363155
LAMP3,0.0913250642520082,0.3500851767400332
DGKG,0.03754811049887534,0.03181090357687031
RPL39L,0.04264247082257138,0.061961436771792215
PIGZ,0.053643097227218585,0.12706769751968028
CCRL2///CCRL2.1,0.04786959997406281,0.09289775084897245
AFAP1-AS1,0.03622020433609056,0.02395180522166476
SH3TC1,0.04471953403401768,0.07425435665289472
LAP3,0.09447270436964218,0.3687142139149179
PI4K2B,0.03647286709987554,0.025447168046941485
STIM2,0.0386787654631426,0.03850258768754791
ATP10D,0.036869610093977725,0.027795257316930947
SRD5A3,0.03369971016755793,0.00903447737925272
MT2A,0.05444862329151368,0.13183513421392723
MT2A.1,0.05300012344227351,0.12326231250278653
RUFY3,0.06143546450263838,0.17318615268896678
SLC4A4,0.03384679731702752,0.00990500001621687
HERC6,0.03286722221653422,0.004107469078531995
HERC5,0.09585527631586663,0.3768968470053006
TIGD2,0.04202399617372444,0.05830104778369087
CYP2U1,0.04147105001955569,0.055028483552471814
KIAA1109,0.05078426970465981,0.11014797283579128
IL15,0.044852552446181033,0.07504161467875756
MMAA,0.05006608850097181,0.10589747918283073
TMA16,0.03484765431629941,0.015828486040468794
FAM218A,0.05510191181801477,0.13570156614111414
SAP30,0.06299905872754678,0.1824401505583766
TLR3,0.052863470799471915,0.12245354559562474
FAM86EP,0.05537088155264986,0.13729344037011665
PSAPL1,0.07872967164807788,0.2755404294748153
RELL1,0.07444149412861858,0.250161219832971
NAAA,0.04299296440721975,0.06403580289179234
HSD17B13,0.15872679728308733,0.7489965336175975
TIFA,0.0647497755003663,0.19280161712529287
TERF1,0.0419353219450274,0.05777623699175921
DDX60,0.14334987985167996,0.6579895710172654
DDX60L,0.06718653025206037,0.20722334043510626
AGA,0.04343684390191785,0.06666286548435947
LOC90768,0.045955686664546136,0.08157041962303375
WWC2-AS2,0.04510513667861403,0.07653651272298535
IRF2,0.05409689406629364,0.1297534550615332
CENPU,0.03749834992674627,0.031516399912730725
HMX1,0.06984631854602316,0.2229650685723119
LRRC14B,0.0567420596443324,0.1454086399128592
PRDM9,0.0839236029829395,0.30628026513101686
RXFP3,0.03664336173936084,0.0264562258992978
CRHBP,0.03659457990034253,0.026167514782852105
FAM151B,0.0581350596208426,0.15365299040313332
MSH3,0.03967231062964291,0.044382799258740495
NR2F1,0.05382056055192296,0.12811799893583503
GPR150,0.058691346765211,0.15694532799734945
RGMB,0.038790772845120294,0.03916549373930216
PAM,0.05829119186179367,0.15457704563568062
LMNB1,0.03543353984609102,0.01929599913180628
IL4,0.047569842894413364,0.091123664367821
SOWAHA,0.04933376674731998,0.10156329590173459
SPINK14,0.09020349181524621,0.3434472467868241
FBLL1,0.036173458633025984,0.023675144800647304
ARL10,0.04033740186267486,0.04831908448888154
SLC34A1,0.050748713195500596,0.10993753469604803
BTNL3,0.06453869437065797,0.19155235162310805
ERCC8,0.03880859030469141,0.03927094484054234
FAM169A,0.03700404600354732,0.028590904679213887
ANKRD34B,0.05091469025597896,0.11091985564579933
TSSK1B,0.054324343603918135,0.1310995955774325
LOC100132014,0.03985704269695145,0.045476120102506755
ZNF608,0.0788137310574797,0.2760379278558635
SLC25A2,0.03666457445953991,0.026581771558276544
ARAP3,0.04725073640958037,0.08923506009714946
PCDH12,0.03569085899519225,0.020818920372885064
ARSI,0.03341108381045717,0.0073262671216826
PFN3,0.04651034527371086,0.08485311887178601
PSMG4,0.058692344459533384,0.15695123276534273
TFAP2A-AS1,0.03350843977089605,0.007902459995846312
HFE,0.04164697458213446,0.05606967793740001
BTN3A2,0.03657425613037669,0.026047230299214217
BTN3A1,0.03453017265820519,0.013949498167030783
BTN3A3,0.0514066868273711,0.11383169501620027
BTN2A1,0.04925543600426349,0.10109970213948692
C2,0.05073362527618978,0.10984823814395547
PSMB9,0.046944547473041165,0.08742290722447135
RPS18P9///RPS18,0.09459462830057591,0.3694358102083276
HMGA1,0.037749724488083856,0.03300413862267519
RPL10A,0.04800038593768693,0.09367179632026293
CMTR1,0.03451153807241215,0.013839210974561617
DAAM2,0.05247429013082911,0.12015021329811196
PTK7,0.03896663591859074,0.040206324206234
SMIM8,0.03701489038063747,0.0286550861918395
DSE,0.03415040925830884,0.011701901164217267
RNF217,0.07753906403935766,0.2684939207969993
STXBP5,0.0629343262351756,0.18205703687265062
RPS18P9,0.0896229738627069,0.34001150123956253
GCM2,0.05137014188186007,0.1136154069009659
DTNBP1,0.03825990287468663,0.03602358550181517
ZKSCAN4,0.04217806415023598,0.0592128858447873
TNXB///TNXA,0.039770157823982785,0.044961899458475486
TNXB///TNXA.1,0.0885921754291092,0.3339108094127794
HLA-DRB5,0.041329498643624264,0.05419072391482785
TAP2,0.07277086094960335,0.24027372112461656
TAP1,0.07608881064373925,0.2599107208725155
ETV7,0.07331692756444047,0.24350556939430085
MOCS1,0.03772712021815175,0.032870357196228994
CRIP3///CRIP3,0.12296445447519033,0.5373401851370517
TNFRSF21,0.03581099495957525,0.021529934740122793
RPL39P5///ZNF525///RPL39,0.03423401165811026,0.012196694773272225
HTR1B,0.04696431263750056,0.08753988564948856
SIM1,0.06821433086475444,0.2133062899168404
AK9,0.03504016546587293,0.01696784671321325
EPB41L2,0.056702398920875516,0.14517391133397187
CTGF,0.04908114431979209,0.10006817180312444
AHI1,0.05375308830829265,0.12771867026804354
RMND1,0.036443636327079566,0.025274168233520605
SERAC1,0.051415768129785946,0.11388544192307655
AMZ1,0.045015910094710704,0.07600843286429666
IL6,0.045109213392693054,0.07656064040445187
RPS2P32,0.048323828243227625,0.09558606177268614
HAUS6,0.041113708912272354,0.05291359095900098
TYW1,0.04027099649072395,0.04792607000931792
WBSCR17,0.0383281478184754,0.036427487329002
CLDN4,0.03805291167444101,0.034798525895208016
CCDC146,0.034507459472483015,0.013815072131853515
CROT,0.03816892693431248,0.03548515222738988
STEAP1,0.05474958527682411,0.1336163518255484
FBXO24,0.05178160511086626,0.11605061661452623
MUC12,0.049678682090834175,0.10360464768160198
LRWD1,0.03949128616177054,0.04331142152319017
CAV1,0.05638529827700452,0.14329717846042686
ST7,0.04115678139300418,0.05316851172973091
CPED1,0.03855049246976384,0.037743415014407984
CCDC136,0.06825081290263252,0.21352220571866246
TMEM176A,0.05082599309971699,0.11039490915904761
ABCB8,0.03566592533898529,0.020671352674219975
NUB1,0.040178424430572325,0.047378190237339225
GALNT11,0.08696498915873037,0.32428044749448776
ACTR3B,0.06797531293014111,0.21189168283884863
TNRC18///TNRC18,0.038382762708525676,0.03675072085603356
FERD3L,0.061778465672364044,0.1752161755959856
HOXA10,0.06246164647373733,0.17925952237970783
DPY19L1,0.039241486174530237,0.041833001794544904
FAM183BP,0.047987033373804035,0.09359277031993943
NACAD,0.046272862594617985,0.08344759807147993
GRB10,0.034588745084604494,0.01429615403238938
NSUN5P2///NSUN5P1///NSUN5,0.03790076495724696,0.033898058642053544
TRIM74///TRIM73///TRIM50,0.060333251123413686,0.16666279765190287
WBSCR27,0.04086406735445968,0.05143610888128996
SEMA3C,0.033544532178463815,0.008116069804205345
HGF,0.03825795119891902,0.03601203467673055
SAMD9L,0.0381250597133006,0.0352255278547016
MIR106B,0.06662006038790542,0.2038707372900788
NAT16,0.05069862351985247,0.109641083261051
MYL10,0.04181362500299169,0.05705598411260949
THAP5,0.03701369955950094,0.028648038419415746
DOCK4,0.04402854528579009,0.07016479920760618
CTTNBP2,0.03920262945431665,0.04160303163966674
CDC26///FKBP15,0.08066368162170673,0.2869867010779399
MIR183,0.03368437018351622,0.00894368900374114
TSGA13///COPG2,0.041858402950538276,0.057320998541923414
KLF14,0.03710835312172696,0.029208237382303902
ZC3HAV1,0.06447268778953617,0.19116169735274968
PARP12,0.042453208960963024,0.060841306730261224
KEL,0.06454870442226192,0.19161159525213914
ATP6V0E2-AS1,0.0374521403601482,0.03124291256925453
TMEM176B,0.0694152231501679,0.22041366756864636
KCNH2,0.08393991910659976,0.30637683070486194
FASTK,0.04280292319907761,0.0629110603548656
CRYGN,0.04350133140951944,0.06704452924880812
CLDN23,0.04432107416631783,0.07189610621425821
NPM2,0.038278234931688394,0.036132082203666434
FGF17,0.046079809886771725,0.08230503223270054
IDO1,0.03667932998389875,0.026669100859449117
LRRCC1,0.04089974231084784,0.0516472480407651
SDC2,0.06322371768221262,0.18376977524917082
NACAP1,0.03550931738589771,0.01974448198032877
WDYHV1,0.04058048296017338,0.049757739046765254
PTP4A3,0.03856230657602561,0.037813335785688525
LY6E,0.08222236987446059,0.29621166337332266
EXOSC4,0.03465018704034398,0.014659792960218533
HGH1,0.05803946559621852,0.15308722539447103
LOXL2,0.042613080268311385,0.06178749130552605
GNRH1,0.03557911542083669,0.020157575643841245
DUSP4,0.03540044466955024,0.019100128177362168
STAR,0.061621223374672726,0.17428555058814393
VCPIP1,0.06710735599405354,0.20675475440221133
TCEB1,0.04252827950482657,0.06128560528413277
RPL30///RPL30,0.04551071948789123,0.07893691967840266
SYBU,0.03459382125151077,0.014326196889408869
ENPP2,0.035063067353556174,0.017103389564708898
LYNX1,0.03797405349185065,0.03433181052746644
SLC39A4,0.042495463506689986,0.06109138662304996
MIR101-2,0.051036040648241646,0.11163805749993878
CD274,0.09257260166855047,0.35746861958650916
PDCD1LG2,0.06695373254086992,0.20584554721417897
RPL18A,0.0662944563883056,0.20194367803738514
PHF24,0.05954497580497403,0.16199745801253687
DNAJB5,0.13183272414286304,0.5898262760311278
CBWD6///CBWD3///CBWD5///CBWD2///CBWD1///CBWD6///CBWD3///CBWD5///CBWD1.1,0.05358057979546177,0.12669769347958962
CTSL,0.04817765295953339,0.09472093593484542
TDRD7,0.06863852402392269,0.21581684062662645
SMC2,0.04002264719203997,0.04645623605605833
FKTN,0.037081615976149805,0.029049995886995507
ACTL7A,0.06284191989790053,0.18151013791725598
TMEM268,0.08321104902446001,0.30206307584458614
CFAP157,0.034714751643521426,0.015041913008198628
MIGA2,0.04306170918143922,0.06444266292237175
PRDM12,0.03402869601892107,0.010981551830591811
BARHL1,0.05121371964494499,0.11268963535226038
GFI1B,0.04191582753866444,0.05766086102523644
FAM69B,0.04089058452494672,0.05159304847295684
TRAF2,0.05098434073483421,0.11133207601132776
UAP1L1,0.04082542828331516,0.051207426863697884
TOR4A,0.043635430800673114,0.06783818495580456
CBWD6///CBWD3///CBWD5///CBWD2///CBWD1///CBWD6///CBWD3///CBWD5///CBWD1.2,0.03490415826057822,0.01616289977239469
DDX58,0.05292496472343946,0.1228174920929397
APTX,0.05127760540453971,0.11306773772291208
SPAG8,0.07350284384290631,0.24460589888989762
ZNF658B///ZNF658,0.03589858988030857,0.022048357740748
CBWD6///CBWD3///CBWD5///CBWD2///CBWD1///CBWD6///CBWD3///CBWD5///CBWD1.3,0.06878074403976707,0.21665855755205732
CBWD6///CBWD3///CBWD5///CBWD2///CBWD1///CBWD6///CBWD3///CBWD5///CBWD1.4,0.04343295966736421,0.06663987697640068
C9orf40,0.0418068142781001,0.057015675423416436
FRMD3,0.1274744447894077,0.5640321747171945
HSD17B3,0.04782412777214457,0.09262862753490202
ZFP37,0.035078166394993,0.017192751942147127
C5,0.05085202517955991,0.11054897778348038
OBP2B,0.055894181127557174,0.14039054387313005
FAM163B,0.03903888035185387,0.04063389666771
CLCN4,0.03549622455416414,0.019666993182380507
FAM47B,0.04942649379948189,0.10211209298058878
INE1,0.040740192954070026,0.05070296890224748
PPP1R3F,0.0410588914300778,0.052589158407797015
BMP15,0.05168743677257565,0.11549328940774518
FLJ44635,0.04074251783588449,0.05071672851520522
TCEAL9,0.038566912871508714,0.03784059774912347
ZCCHC12,0.03483016246229079,0.015724962007731148
SLC25A14,0.06830518696600951,0.21384401393375185
H2AFB1///H2AFB2///H2AFB3,0.0564150670140705,0.14347336216908682
ARSE,0.038039474754061005,0.0347190006382154
PIGA,0.03584074267461606,0.021705994031735724
BEND2,0.03441934325109755,0.01329356385817765
ACOT9,0.03373264501182742,0.009229399420946168
MIR221,0.05279146661922531,0.12202739505095277
ZNF182,0.04446596717425421,0.07275364301336873
HSD17B10,0.04222756211025238,0.05950583526173642
TEX13A,0.047835244781236894,0.09269442259657192
TSC22D3,0.07425439911935874,0.24905391412060232
SLC25A5-AS1,0.04219848528337063,0.059333746563961495
DCAF12L2,0.04020217150036433,0.04751873522641579
MAGEA1,0.048792157404036536,0.09835782761018277
RPS4Y2,0.201137393871278,1.0
TTTY10,0.058519768989980396,0.15592985969929082
C2.1,0.044970298223826394,0.07573848293146934
PSMB9.1,0.046944547473041165,0.08742290722447135
RPS18P9///RPS18.1,0.09459462830057591,0.3694358102083276
TNXB///TNXA.2,0.05963351427442449,0.16252146532505005
TAP2.1,0.05279303198413708,0.12203665952847999
TAP1.1,0.07608881064373925,0.2599107208725155
C2.2,0.044970298223826394,0.07573848293146934
PSMB9.2,0.046944547473041165,0.08742290722447135
RPS18P9///RPS18.2,0.09459462830057591,0.3694358102083276
TNXB///TNXA.3,0.05963351427442449,0.16252146532505005
TAP2.2,0.05606232107330936,0.14138566567325342
TAP1.2,0.07608881064373925,0.2599107208725155
RPL31,0.03550179677463219,0.019699971889718868
