"AverageShortestPathLength","BetweennessCentrality","ClosenessCentrality","ClusteringCoefficient","Degree","Eccentricity","IsSingleNode","MCODE::Clusters (1)","MCODE::Node Status (1)","MCODE::Score (1)","name","NeighborhoodConnectivity","NumberOfDirectedEdges","NumberOfUndirectedEdges","PartnerOfMultiEdgedNodePairs","Radiality","selected","SelfLoops","shared name","Stress","TopologicalCoefficient"
"2.6666666666666665","0.0","0.375","0.0","1","4","false","","Unclustered","0.0","PIK3CB","59.0","0","1","0","0.9717514124293786","false","0","PIK3CB","0","0.0"
"2.2708333333333335","0.08594298245614039","0.4403669724770642","0.0","2","4","false","","Unclustered","0.6666666666666666","JAK1","40.0","0","2","0","0.9784604519774011","false","0","JAK1","2428","0.5131578947368421"
"2.6666666666666665","0.0","0.375","0.0","1","4","false","","Unclustered","0.0","GNAI1","59.0","0","1","0","0.9717514124293786","false","0","GNAI1","0","0.0"
"2.6666666666666665","0.0","0.375","0.0","1","4","false","","Unclustered","0.0","CTNNB1","59.0","0","1","0","0.9717514124293786","false","0","CTNNB1","0","0.0"
"2.6666666666666665","0.0","0.375","0.0","1","4","false","","Unclustered","0.0","GRB10","59.0","0","1","0","0.9717514124293786","false","0","GRB10","0","0.0"
"2.6666666666666665","0.0","0.375","0.0","1","4","false","","Unclustered","0.0","PTPN11","59.0","0","1","0","0.9717514124293786","false","0","PTPN11","0","0.0"
"2.6666666666666665","0.0","0.375","0.0","1","4","false","","Unclustered","0.0","PLCG2","59.0","0","1","0","0.9717514124293786","false","0","PLCG2","0","0.0"
"2.6666666666666665","0.0","0.375","0.0","1","4","false","","Unclustered","0.0","GNAZ","59.0","0","1","0","0.9717514124293786","false","0","GNAZ","0","0.0"
"2.6666666666666665","0.0","0.375","0.0","1","4","false","","Unclustered","0.0","ITGB3","59.0","0","1","0","0.9717514124293786","false","0","ITGB3","0","0.0"
"2.6666666666666665","0.0","0.375","0.0","1","4","false","","Unclustered","0.0","PIK3R1","59.0","0","1","0","0.9717514124293786","false","0","PIK3R1","0","0.0"
"2.6666666666666665","0.0","0.375","0.0","1","4","false","","Unclustered","0.0","NEDD4","59.0","0","1","0","0.9717514124293786","false","0","NEDD4","0","0.0"
"2.6666666666666665","0.0","0.375","0.0","1","4","false","","Unclustered","0.0","BDNF","59.0","0","1","0","0.9717514124293786","false","0","BDNF","0","0.0"
"2.6666666666666665","0.0","0.375","0.0","1","4","false","","Unclustered","0.0","HRAS","59.0","0","1","0","0.9717514124293786","false","0","HRAS","0","0.0"
"2.6666666666666665","0.0","0.375","0.0","1","4","false","","Unclustered","0.0","ESR1","59.0","0","1","0","0.9717514124293786","false","0","ESR1","0","0.0"
"2.6666666666666665","0.0","0.375","0.0","1","4","false","","Unclustered","0.0","SHC1","59.0","0","1","0","0.9717514124293786","false","0","SHC1","0","0.0"
"2.6666666666666665","0.0","0.375","0.0","1","4","false","","Unclustered","0.0","GNA13","59.0","0","1","0","0.9717514124293786","false","0","GNA13","0","0.0"
"2.6666666666666665","0.0","0.375","0.0","1","4","false","","Unclustered","0.0","IGF2","59.0","0","1","0","0.9717514124293786","false","0","IGF2","0","0.0"
"2.6666666666666665","0.0","0.375","0.0","1","4","false","","Unclustered","0.0","INS-IGF2","59.0","0","1","0","0.9717514124293786","false","0","INS-IGF2","0","0.0"
"2.6666666666666665","0.0","0.375","0.0","1","4","false","","Unclustered","0.0","INS","59.0","0","1","0","0.9717514124293786","false","0","INS","0","0.0"
"2.6666666666666665","0.0","0.375","0.0","1","4","false","","Unclustered","0.0","IGF1","59.0","0","1","0","0.9717514124293786","false","0","IGF1","0","0.0"
"2.6666666666666665","0.0","0.375","0.0","1","4","false","","Unclustered","0.0","GRB2","59.0","0","1","0","0.9717514124293786","false","0","GRB2","0","0.0"
"2.6666666666666665","0.0","0.375","0.0","1","4","false","","Unclustered","0.0","IGFBP3","59.0","0","1","0","0.9717514124293786","false","0","IGFBP3","0","0.0"
"2.6666666666666665","0.0","0.375","0.0","1","4","false","","Unclustered","0.0","PIK3CD","59.0","0","1","0","0.9717514124293786","false","0","PIK3CD","0","0.0"
"2.6666666666666665","0.0","0.375","0.0","1","4","false","","Unclustered","0.0","PRKACG","59.0","0","1","0","0.9717514124293786","false","0","PRKACG","0","0.0"
"2.6666666666666665","0.0","0.375","0.0","1","4","false","","Unclustered","0.0","IRS2","59.0","0","1","0","0.9717514124293786","false","0","IRS2","0","0.0"
"2.6666666666666665","0.0","0.375","0.0","1","4","false","","Unclustered","0.0","SHC3","59.0","0","1","0","0.9717514124293786","false","0","SHC3","0","0.0"
"2.6666666666666665","0.0","0.375","0.0","1","4","false","","Unclustered","0.0","SRC","59.0","0","1","0","0.9717514124293786","false","0","SRC","0","0.0"
"2.6666666666666665","0.0","0.375","0.0","1","4","false","","Unclustered","0.0","IRS4","59.0","0","1","0","0.9717514124293786","false","0","IRS4","0","0.0"
"2.6666666666666665","0.0","0.375","0.0","1","4","false","","Unclustered","0.0","PTPN1","59.0","0","1","0","0.9717514124293786","false","0","PTPN1","0","0.0"
"2.6666666666666665","0.0","0.375","0.0","1","4","false","","Unclustered","0.0","GNAS","59.0","0","1","0","0.9717514124293786","false","0","GNAS","0","0.0"
"2.6666666666666665","0.0","0.375","0.0","1","4","false","","Unclustered","0.0","PRKACB","59.0","0","1","0","0.9717514124293786","false","0","PRKACB","0","0.0"
"2.6666666666666665","0.0","0.375","0.0","1","4","false","","Unclustered","0.0","GNAI3","59.0","0","1","0","0.9717514124293786","false","0","GNAI3","0","0.0"
"2.6666666666666665","0.0","0.375","0.0","1","4","false","","Unclustered","0.0","NRAS","59.0","0","1","0","0.9717514124293786","false","0","NRAS","0","0.0"
"2.6666666666666665","0.0","0.375","0.0","1","4","false","","Unclustered","0.0","INSRR","59.0","0","1","0","0.9717514124293786","false","0","INSRR","0","0.0"
"2.6666666666666665","0.0","0.375","0.0","1","4","false","","Unclustered","0.0","CRKL","59.0","0","1","0","0.9717514124293786","false","0","CRKL","0","0.0"
"2.6666666666666665","0.0","0.375","0.0","1","4","false","","Unclustered","0.0","PTK2","59.0","0","1","0","0.9717514124293786","false","0","PTK2","0","0.0"
"2.6666666666666665","0.0","0.375","0.0","1","4","false","","Unclustered","0.0","CAV1","59.0","0","1","0","0.9717514124293786","false","0","CAV1","0","0.0"
"2.6666666666666665","0.0","0.375","0.0","1","4","false","","Unclustered","0.0","SHC4","59.0","0","1","0","0.9717514124293786","false","0","SHC4","0","0.0"
"2.6666666666666665","0.0","0.375","0.0","1","4","false","","Unclustered","0.0","GNAI2","59.0","0","1","0","0.9717514124293786","false","0","GNAI2","0","0.0"
"2.6666666666666665","0.0","0.375","0.0","1","4","false","","Unclustered","0.0","PRKACA","59.0","0","1","0","0.9717514124293786","false","0","PRKACA","0","0.0"
"2.6666666666666665","0.0","0.375","0.0","1","4","false","","Unclustered","0.0","IRS1","59.0","0","1","0","0.9717514124293786","false","0","IRS1","0","0.0"
"2.6666666666666665","0.0","0.375","0.0","1","4","false","","Unclustered","0.0","INSR","59.0","0","1","0","0.9717514124293786","false","0","INSR","0","0.0"
"2.6666666666666665","0.0","0.375","0.0","1","4","false","","Unclustered","0.0","APPL1","59.0","0","1","0","0.9717514124293786","false","0","APPL1","0","0.0"
"2.6666666666666665","0.0","0.375","0.0","1","4","false","","Unclustered","0.0","EGFR","59.0","0","1","0","0.9717514124293786","false","0","EGFR","0","0.0"
"2.6666666666666665","0.0","0.375","0.0","1","4","false","","Unclustered","0.0","GNA12","59.0","0","1","0","0.9717514124293786","false","0","GNA12","0","0.0"
"2.6666666666666665","0.0","0.375","0.0","1","4","false","","Unclustered","0.0","ERBB3","59.0","0","1","0","0.9717514124293786","false","0","ERBB3","0","0.0"
"2.6666666666666665","0.0","0.375","0.0","1","4","false","","Unclustered","0.0","EGF","59.0","0","1","0","0.9717514124293786","false","0","EGF","0","0.0"
"2.6666666666666665","0.0","0.375","0.0","1","4","false","","Unclustered","0.0","SHC2","59.0","0","1","0","0.9717514124293786","false","0","SHC2","0","0.0"
"2.6666666666666665","0.0","0.375","0.0","1","4","false","","Unclustered","0.0","PIK3CA","59.0","0","1","0","0.9717514124293786","false","0","PIK3CA","0","0.0"
"2.6666666666666665","0.0","0.375","0.0","1","4","false","","Unclustered","0.0","GAB1","59.0","0","1","0","0.9717514124293786","false","0","GAB1","0","0.0"
"2.6666666666666665","0.0","0.375","0.0","1","4","false","","Unclustered","0.0","PIK3R3","59.0","0","1","0","0.9717514124293786","false","0","PIK3R3","0","0.0"
"2.6666666666666665","0.0","0.375","0.0","1","4","false","","Unclustered","0.0","KRAS","59.0","0","1","0","0.9717514124293786","false","0","KRAS","0","0.0"
"2.6666666666666665","0.0","0.375","0.0","1","4","false","","Unclustered","0.0","PLCG1","59.0","0","1","0","0.9717514124293786","false","0","PLCG1","0","0.0"
"1.6770833333333333","0.8747149122807025","0.5962732919254659","5.844535359438924E-4","59","3","false","Cluster 1","Clustered","2.0","IGF1R","1.2203389830508475","0","59","0","0.988524011299435","false","0","IGF1R","13066","0.023112480739599383"
"2.6666666666666665","0.0","0.375","0.0","1","4","false","","Unclustered","0.0","PIK3R2","59.0","0","1","0","0.9717514124293786","false","0","PIK3R2","0","0.0"
"3.6041666666666665","0.0","0.27745664739884396","0.0","1","5","false","","Unclustered","0.0","ISG15","21.0","0","1","0","0.955861581920904","false","0","ISG15","0","0.0"
"3.6041666666666665","0.0","0.27745664739884396","0.0","1","5","false","","Unclustered","0.0","SOCS1","21.0","0","1","0","0.955861581920904","false","0","SOCS1","0","0.0"
"3.6041666666666665","0.0","0.27745664739884396","0.0","1","5","false","","Unclustered","0.0","PIAS1","21.0","0","1","0","0.955861581920904","false","0","PIAS1","0","0.0"
"3.6041666666666665","0.0","0.27745664739884396","0.0","1","5","false","","Unclustered","0.0","JAK3","21.0","0","1","0","0.955861581920904","false","0","JAK3","0","0.0"
"3.6041666666666665","0.0","0.27745664739884396","0.0","1","5","false","","Unclustered","0.0","TYK2","21.0","0","1","0","0.955861581920904","false","0","TYK2","0","0.0"
"3.5","0.0","0.2857142857142857","0.0","1","5","false","","Unclustered","0.0","NTRK1","9.0","0","1","0","0.9576271186440678","false","0","NTRK1","0","0.0"
"3.7708333333333335","0.0","0.26519337016574585","0.0","1","5","false","","Unclustered","0.0","RNF4","13.0","0","1","0","0.9530367231638418","false","0","RNF4","0","0.0"
"3.6041666666666665","0.0","0.27745664739884396","0.0","1","5","false","","Unclustered","0.0","CISH","21.0","0","1","0","0.955861581920904","false","0","CISH","0","0.0"
"3.7708333333333335","0.0","0.26519337016574585","0.0","1","5","false","","Unclustered","0.0","SUMO2","13.0","0","1","0","0.9530367231638418","false","0","SUMO2","0","0.0"
"3.5","0.0","0.2857142857142857","0.0","1","5","false","","Unclustered","0.0","CD44","9.0","0","1","0","0.9576271186440678","false","0","CD44","0","0.0"
"3.6041666666666665","0.0","0.27745664739884396","0.0","1","5","false","","Unclustered","0.0","IRF9","21.0","0","1","0","0.955861581920904","false","0","IRF9","0","0.0"
"3.7708333333333335","0.0","0.26519337016574585","0.0","1","5","false","","Unclustered","0.0","SUMO1","13.0","0","1","0","0.9530367231638418","false","0","SUMO1","0","0.0"
"2.2708333333333335","0.08594298245614039","0.4403669724770642","0.0","2","4","false","","Unclustered","0.6666666666666666","JAK2","40.0","0","2","0","0.9784604519774011","false","0","JAK2","2428","0.5131578947368421"
"3.5","0.0","0.2857142857142857","0.0","1","5","false","","Unclustered","0.0","SDC1","9.0","0","1","0","0.9576271186440678","false","0","SDC1","0","0.0"
"3.3541666666666665","0.023662280701754378","0.2981366459627329","0.0","2","5","false","","Unclustered","0.6666666666666666","HDAC1","17.0","0","2","0","0.9600988700564972","false","0","HDAC1","474","0.5161290322580645"
"3.3541666666666665","0.023662280701754378","0.2981366459627329","0.0","2","5","false","","Unclustered","0.6666666666666666","STAT1","17.0","0","2","0","0.9600988700564972","false","0","STAT1","474","0.5161290322580645"
"3.7708333333333335","0.0","0.26519337016574585","0.0","1","5","false","","Unclustered","0.0","UBE2I","13.0","0","1","0","0.9530367231638418","false","0","UBE2I","0","0.0"
"3.5","0.0","0.2857142857142857","0.0","1","5","false","","Unclustered","0.0","FN1","9.0","0","1","0","0.9576271186440678","false","0","FN1","0","0.0"
"3.6041666666666665","0.0","0.27745664739884396","0.0","1","5","false","","Unclustered","0.0","IFNAR2","21.0","0","1","0","0.955861581920904","false","0","IFNAR2","0","0.0"
"3.6041666666666665","0.0","0.27745664739884396","0.0","1","5","false","","Unclustered","0.0","KPNA1","21.0","0","1","0","0.955861581920904","false","0","KPNA1","0","0.0"
"3.7708333333333335","0.0","0.26519337016574585","0.0","1","5","false","","Unclustered","0.0","SP100","13.0","0","1","0","0.9530367231638418","false","0","SP100","0","0.0"
"3.5","0.0","0.2857142857142857","0.0","1","5","false","","Unclustered","0.0","SPINT1","9.0","0","1","0","0.9576271186440678","false","0","SPINT1","0","0.0"
"3.6041666666666665","0.0","0.27745664739884396","0.0","1","5","false","","Unclustered","0.0","SOCS3","21.0","0","1","0","0.955861581920904","false","0","SOCS3","0","0.0"
"3.5","0.0","0.2857142857142857","0.0","1","5","false","","Unclustered","0.0","MET","9.0","0","1","0","0.9576271186440678","false","0","MET","0","0.0"
"3.6041666666666665","0.0","0.27745664739884396","0.0","1","5","false","","Unclustered","0.0","PTPN2","21.0","0","1","0","0.955861581920904","false","0","PTPN2","0","0.0"
"3.6041666666666665","0.0","0.27745664739884396","0.0","1","5","false","","Unclustered","0.0","STAT6","21.0","0","1","0","0.955861581920904","false","0","STAT6","0","0.0"
"3.6041666666666665","0.0","0.27745664739884396","0.0","1","5","false","","Unclustered","0.0","IFNAR1","21.0","0","1","0","0.955861581920904","false","0","IFNAR1","0","0.0"
"2.2708333333333335","0.08594298245614039","0.4403669724770642","0.0","2","4","false","","Unclustered","0.6666666666666666","STAT3","40.0","0","2","0","0.9784604519774011","false","0","STAT3","2428","0.5131578947368421"
"3.6041666666666665","0.0","0.27745664739884396","0.0","1","5","false","","Unclustered","0.0","EP300","21.0","0","1","0","0.955861581920904","false","0","EP300","0","0.0"
"3.6041666666666665","0.0","0.27745664739884396","0.0","1","5","false","","Unclustered","0.0","CREBBP","21.0","0","1","0","0.955861581920904","false","0","CREBBP","0","0.0"
"2.6145833333333335","0.33432017543859655","0.38247011952191234","0.0","21","4","false","","Unclustered","0.09090909090909091","STAT2","1.2380952380952381","0","21","0","0.9726341807909604","false","0","STAT2","8220","0.11904761904761904"
"3.6041666666666665","0.0","0.27745664739884396","0.0","1","5","false","","Unclustered","0.0","USP18","21.0","0","1","0","0.955861581920904","false","0","USP18","0","0.0"
"3.7708333333333335","0.0","0.26519337016574585","0.0","1","5","false","","Unclustered","0.0","RUNX1","13.0","0","1","0","0.9530367231638418","false","0","RUNX1","0","0.0"
"3.5","0.0","0.2857142857142857","0.0","1","5","false","","Unclustered","0.0","MST1R","9.0","0","1","0","0.9576271186440678","false","0","MST1R","0","0.0"
"2.5833333333333335","0.0","0.3870967741935484","1.0","2","4","false","Cluster 1","Clustered","2.0","ERBB2","34.0","0","2","0","0.9731638418079096","false","0","ERBB2","0","0.5151515151515151"
"2.5104166666666665","0.1412280701754386","0.39834024896265563","0.027777777777777776","9","4","false","Cluster 1","Seed","2.0","HGF","7.555555555555555","0","9","0","0.9743997175141244","false","0","HGF","1848","0.11487758945386065"
"3.7708333333333335","0.0","0.26519337016574585","0.0","1","5","false","","Unclustered","0.0","TP53","13.0","0","1","0","0.9530367231638418","false","0","TP53","0","0.0"
"3.7708333333333335","0.0","0.26519337016574585","0.0","1","5","false","","Unclustered","0.0","DAXX","13.0","0","1","0","0.9530367231638418","false","0","DAXX","0","0.0"
"2.3958333333333335","0.16129385964912282","0.41739130434782606","0.0","2","4","false","","Unclustered","0.6666666666666666","MDM2","36.0","0","2","0","0.9763418079096045","false","0","MDM2","1704","0.5"
"3.7708333333333335","0.0","0.26519337016574585","0.0","1","5","false","","Unclustered","0.0","RARA","13.0","0","1","0","0.9530367231638418","false","0","RARA","0","0.0"
"2.78125","0.20741228070175455","0.3595505617977528","0.0","13","4","false","","Unclustered","0.14285714285714285","PML","1.2307692307692308","0","13","0","0.9698093220338984","false","0","PML","2596","0.11538461538461539"
"3.7708333333333335","0.0","0.26519337016574585","0.0","1","5","false","","Unclustered","0.0","SPI1","13.0","0","1","0","0.9530367231638418","false","0","SPI1","0","0.0"
