Panel,Discovery,Validation,Intercept,Threshold_Youden_discovery,IGF1R,STAT2,PML,HGF,HDAC1,JAK2,JAK1,MDM2,ERBB2,STAT3
10 hub genes,GSE98793,GSE32280,0.1719,0.5507,0.8164,0.407,0.1991,0.2309,-0.3929,0.0375,-0.6497,-0.0421,0.0866,-0.3164
10 hub genes,GSE98793,GSE39653,0.0913,0.512,,,0.2866,0.2699,-0.727,-0.0542,-0.6841,0.1302,0.048,0.0343
10 hub genes,GSE98793,GSE54566,0.1719,0.5507,0.8164,0.407,0.1991,0.2309,-0.3929,0.0375,-0.6497,-0.0421,0.0866,-0.3164
10 hub genes,GSE63878,GSE67663,0.0219,0.4723,,-0.0935,1.1533,,-0.3533,-0.1578,-0.0871,,-0.2339,-0.0378
4 seed genes,GSE98793,GSE32280,0.1,0.5969,0.5494,0.2824,0.2033,0.38,,,,,,
4 seed genes,GSE98793,GSE39653,0.0347,0.5347,,,0.1679,0.4097,,,,,,
4 seed genes,GSE98793,GSE54566,0.1,0.5969,0.5494,0.2824,0.2033,0.38,,,,,,
4 seed genes,GSE63878,GSE67663,0.0037,0.508,,-0.2447,0.7506,,,,,,,
10 hub genes (single model),GSE63878,all,0.0983,0.5663,-0.9642,-0.1138,1.0711,0.505,-0.5314,-0.1159,0.7772,-0.8344,-0.2393,0.556
10 hub genes (single model),GSE98793,all,0.1719,0.5507,0.8164,0.407,0.1991,0.2309,-0.3929,0.0375,-0.6497,-0.0421,0.0866,-0.3164
