Dataset,Genes,K,Nogueira_stability,Note
MDD (GSE98793),4607,25,0.104,
MDD (GSE98793),4607,50,0.112,
MDD (GSE98793),4607,100,0.122,
MDD (GSE98793),4607,200,0.129,
MDD (GSE98793),4607,300,0.132,
MDD (GSE98793),4607,400,0.134,
MDD (GSE98793),4607,500,0.136,
MDD (GSE98793),4607,579,0.136,knee
MDD (GSE98793),4607,600,0.136,
MDD (GSE98793),4607,700,0.135,
MDD (GSE98793),4607,800,0.135,primary
MDD (GSE98793),4607,900,0.134,
MDD (GSE98793),4607,1000,0.133,
MDD (GSE98793),4607,1500,0.125,
MDD (GSE98793),4607,2000,0.114,
MDD (GSE98793),4607,3000,0.086,
PTSD (GSE63878),858,25,0.103,
PTSD (GSE63878),858,50,0.107,
PTSD (GSE63878),858,80,0.112,knee
PTSD (GSE63878),858,100,0.114,
PTSD (GSE63878),858,200,0.115,
PTSD (GSE63878),858,300,0.105,
PTSD (GSE63878),858,400,0.093,
PTSD (GSE63878),858,500,0.081,
PTSD (GSE63878),858,600,0.069,
PTSD (GSE63878),858,700,0.056,
PTSD (GSE63878),858,800,0.035,primary
