Dataset,Model,Scheme,Fold,AUC,BalancedAcc,Sensitivity,Specificity,F1,MCC
PTSD,LogReg,A,1,0.88,0.8,0.7,0.9,0.7778,0.6124
PTSD,LogReg,A,2,0.9444,0.8333,1.0,0.6667,0.8696,0.7161
PTSD,LogReg,A,3,0.9667,0.9444,1.0,0.8889,0.9524,0.8989
PTSD,LogReg,A,4,0.9444,0.8944,0.8889,0.9,0.8889,0.7889
PTSD,LogReg,A,5,1.0,1.0,1.0,1.0,1.0,1.0
PTSD,LinearSVM,A,1,0.9,0.8,0.7,0.9,0.7778,0.6124
PTSD,LinearSVM,A,2,0.9556,0.8889,1.0,0.7778,0.9091,0.8051
PTSD,LinearSVM,A,3,0.9889,0.9444,1.0,0.8889,0.9524,0.8989
PTSD,LinearSVM,A,4,0.9444,0.8944,0.8889,0.9,0.8889,0.7889
PTSD,LinearSVM,A,5,1.0,1.0,1.0,1.0,1.0,1.0
PTSD,RandomForest,A,1,0.745,0.7,0.6,0.8,0.6667,0.4082
PTSD,RandomForest,A,2,0.6944,0.5722,0.7,0.4444,0.6364,0.1495
PTSD,RandomForest,A,3,0.9111,0.8444,0.8,0.8889,0.8421,0.6889
PTSD,RandomForest,A,4,0.7889,0.7333,0.6667,0.8,0.7059,0.4719
PTSD,RandomForest,A,5,0.9111,0.8389,0.7778,0.9,0.8235,0.6854
MDD,LogReg,A,1,0.7249,0.5769,0.7692,0.3846,0.7407,0.1612
MDD,LogReg,A,2,0.7367,0.6538,0.8462,0.4615,0.8,0.3322
MDD,LogReg,A,3,0.7815,0.6523,0.92,0.3846,0.8214,0.3728
MDD,LogReg,A,4,0.6769,0.6692,0.8,0.5385,0.7843,0.3454
MDD,LogReg,A,5,0.7404,0.7147,0.8462,0.5833,0.8302,0.4402
MDD,LinearSVM,A,1,0.7337,0.5769,0.7692,0.3846,0.7407,0.1612
MDD,LinearSVM,A,2,0.7396,0.6346,0.8077,0.4615,0.7778,0.282
MDD,LinearSVM,A,3,0.7292,0.5754,0.92,0.2308,0.7931,0.2116
MDD,LinearSVM,A,4,0.6923,0.6308,0.8,0.4615,0.7692,0.2736
MDD,LinearSVM,A,5,0.7436,0.6314,0.8462,0.4167,0.8,0.2874
MDD,RandomForest,A,1,0.6672,0.5192,0.8846,0.1538,0.7667,0.0542
MDD,RandomForest,A,2,0.6553,0.5385,0.9231,0.1538,0.7869,0.1195
MDD,RandomForest,A,3,0.6815,0.5754,0.92,0.2308,0.7931,0.2116
MDD,RandomForest,A,4,0.6246,0.5954,0.96,0.2308,0.8136,0.2949
MDD,RandomForest,A,5,0.6074,0.4647,0.8462,0.0833,0.7458,-0.097
