"Gene","Disorder","Dataset","log2FC","P_value","adj_P","Direction","Fisher_score","Fisher_rank","Genes_ranked"
"TDRD9","MDD","GSE98793",0.491693909648437,1.50418295423615e-05,0.044798866042736,"Up",0.101703583107502,13,4607
"OLFM4","MDD","GSE98793",1.02551379782812,0.000249642031881252,0.202253259893403,"Up",0.0715859901931311,53,4607
"SYTL2","MDD","GSE98793",-0.282881114723959,0.0016369598792089,0.30470838894417,"Down",0.0644177267838584,86,4607
"PML","MDD","GSE98793",0.0542923603124997,0.211098586023358,0.825887484521201,"Up",0.0501451245418336,245,4607
"BTN3A2","MDD","GSE98793",-0.252853473699219,0.0103738926412596,0.482490152639169,"Down",0.0477267424860599,298,4607
"PLXNA2","MDD","GSE98793",0.0768885960052083,0.0284932239246844,0.579558661835187,"Up",0.0463210292347639,339,4607
"EIF4B","MDD","GSE98793",-0.0934340171484387,0.00186780641285572,0.31403248463884,"Down",0.0463167872956826,340,4607
"CYP2U1","MDD","GSE98793",-0.0929434721093751,0.0236996679471091,0.556274733818775,"Down",0.0460148614115867,352,4607
"IGF1R","MDD","GSE98793",0.154127149021875,0.000775005175302617,0.244306637664484,"Up",0.0445124728471667,393,4607
"GALNT11","MDD","GSE98793",-0.151406652914063,0.00428467341200865,0.376906629930617,"Down",0.0437120935649609,423,4607
"HGF","MDD","GSE98793",0.0973613262218746,0.0113085124051009,0.484689281891917,"Up",0.0433944012366486,433,4607
"DKKL1","MDD","GSE98793",0.136780527992187,0.00539879204761626,0.403627227514571,"Up",0.0415497006567192,506,4607
"GFI1B","MDD","GSE98793",0.154262947570312,0.0350709832539022,0.61951761697988,"Up",0.0410097882151768,533,4607
"PTMA","MDD","GSE98793",-0.0573255137109384,0.0103335635013127,0.482490152639169,"Down",0.0390471590922254,610,4607
"AHI1","MDD","GSE98793",-0.0713104148953127,0.0653713637581797,0.705824136691019,"Down",0.0387597504964006,630,4607
"SCAPER","MDD","GSE98793",-0.113818927528646,0.161583803314479,0.79151765307807,"Down",0.0383017397115078,653,4607
"SLC22A14","MDD","GSE98793",0.142213418140625,0.00772982922910484,0.432893378569633,"Up",0.0378949800233012,680,4607
"DOCK4","MDD","GSE98793",0.1232217686875,0.0628074971082228,0.70194916899526,"Up",0.0377874507087722,688,4607
"STAT2","MDD","GSE98793",0.0692572001848954,0.0203721260651095,0.539395775001486,"Up",0.0363333543436421,775,4607
"TDRD9","PTSD","GSE63878",0.112458090333334,0.0151513338618435,0.999907988613799,"Up",0.065537582412832,149,858
"OLFM4","PTSD","GSE63878",0.351593043125,0.0412538144778537,0.999907988613799,"Up",0.0433292526486972,479,858
"SYTL2","PTSD","GSE63878",0.128622077333334,0.0374887422331435,0.999907988613799,"Up",0.0464005292957898,412,858
"PML","PTSD","GSE63878",0.212714972604167,0.00895061747228717,0.999907988613799,"Up",0.0731560749687013,100,858
"BTN3A2","PTSD","GSE63878",0.140567141666667,0.0626599229694918,0.999907988613799,"Up",0.0365742561303767,734,858
"PLXNA2","PTSD","GSE63878",-0.0633668379583332,0.0657997564123711,0.999907988613799,"Down",0.0390639758694099,632,858
"EIF4B","PTSD","GSE63878",-0.073351226958333,0.415306253742068,0.999907988613799,"Down",0.0537560427120008,273,858
"CYP2U1","PTSD","GSE63878",0.0758445318333337,0.0547665408977158,0.999907988613799,"Up",0.0414710500195557,546,858
"IGF1R","PTSD","GSE63878",-0.11751624409375,0.0731884961984662,0.999907988613799,"Down",0.0364239256491172,741,858
"GALNT11","PTSD","GSE63878",0.0975079503541669,0.00642052627350075,0.999907988613799,"Up",0.0869649891587304,53,858
"HGF","PTSD","GSE63878",0.0933666919791674,0.0607202238760104,0.999907988613799,"Up",0.038257951198919,665,858
"DKKL1","PTSD","GSE63878",-0.126121489416666,0.0178454722023961,0.999907988613799,"Down",0.0613025056526537,187,858
"GFI1B","PTSD","GSE63878",-0.0735812886041659,0.0542078126520436,0.999907988613799,"Down",0.0419158275386644,532,858
"PTMA","PTSD","GSE63878",-0.066817655677083,0.0418335092251867,0.999907988613799,"Down",0.0509385995607623,321,858
"AHI1","PTSD","GSE63878",0.146376579354167,0.0251450215730093,0.999907988613799,"Up",0.0537530883082927,274,858
"SCAPER","PTSD","GSE63878",0.123569841041667,0.00632541372776395,0.999907988613799,"Up",0.0837849261296336,63,858
"SLC22A14","PTSD","GSE63878",-0.0671880727708329,0.0726813492564018,0.999907988613799,"Down",0.0364795894972618,736,858
"DOCK4","PTSD","GSE63878",0.174395280770834,0.0409794537176084,0.999907988613799,"Up",0.0440285452857901,460,858
"STAT2","PTSD","GSE63878",0.177139573958334,0.0669846563507512,0.999907988613799,"Up",0.0350825108405193,794,858
