"Gene","MDD log2FC","MDD P","MDD adj. P (BH)","MDD direction","MDD Fisher rank","PTSD log2FC","PTSD P","PTSD adj. P (BH)","PTSD direction","PTSD Fisher rank","Concordance"
"DOCK4",0.123,0.0628,0.702,"Up","688/4607",0.174,0.041,1,"Up","460/858","Concordant"
"EIF4B",-0.093,0.00187,0.314,"Down","340/4607",-0.073,0.415,1,"Down","273/858","Concordant"
"HGF",0.097,0.0113,0.485,"Up","433/4607",0.093,0.0607,1,"Up","665/858","Concordant"
"OLFM4",1.026,0.00025,0.202,"Up","53/4607",0.352,0.0413,1,"Up","479/858","Concordant"
"PML",0.054,0.211,0.826,"Up","245/4607",0.213,0.00895,1,"Up","100/858","Concordant"
"PTMA",-0.057,0.0103,0.482,"Down","610/4607",-0.067,0.0418,1,"Down","321/858","Concordant"
"STAT2",0.069,0.0204,0.539,"Up","775/4607",0.177,0.067,1,"Up","794/858","Concordant"
"TDRD9",0.492,1.5e-05,0.0448,"Up","13/4607",0.112,0.0152,1,"Up","149/858","Concordant"
"AHI1",-0.071,0.0654,0.706,"Down","630/4607",0.146,0.0251,1,"Up","274/858","Discordant"
"BTN3A2",-0.253,0.0104,0.482,"Down","298/4607",0.141,0.0627,1,"Up","734/858","Discordant"
"CYP2U1",-0.093,0.0237,0.556,"Down","352/4607",0.076,0.0548,1,"Up","546/858","Discordant"
"DKKL1",0.137,0.0054,0.404,"Up","506/4607",-0.126,0.0178,1,"Down","187/858","Discordant"
"GALNT11",-0.151,0.00428,0.377,"Down","423/4607",0.098,0.00642,1,"Up","53/858","Discordant"
"GFI1B",0.154,0.0351,0.62,"Up","533/4607",-0.074,0.0542,1,"Down","532/858","Discordant"
"IGF1R",0.154,0.000775,0.244,"Up","393/4607",-0.118,0.0732,1,"Down","741/858","Discordant"
"PLXNA2",0.077,0.0285,0.58,"Up","339/4607",-0.063,0.0658,1,"Down","632/858","Discordant"
"SCAPER",-0.114,0.162,0.792,"Down","653/4607",0.124,0.00633,1,"Up","63/858","Discordant"
"SLC22A14",0.142,0.00773,0.433,"Up","680/4607",-0.067,0.0727,1,"Down","736/858","Discordant"
"SYTL2",-0.283,0.00164,0.305,"Down","86/4607",0.129,0.0375,1,"Up","412/858","Discordant"
