Gene,log2FC MDD,Direction MDD,Fisher rank MDD 0.05,Fisher rank MDD 0.08,log2FC PTSD,Direction PTSD,Fisher rank PTSD 0.05,Fisher rank PTSD 0.08,Concordant direction,Shared 0.05 Top500,Shared 0.05 Top800,Shared 0.05 Top1000,Shared 0.08 Top500,Shared 0.08 Top800,Shared 0.08 Top1000,Main 19,Seed gene
AHI1,-0.161,Down,630,630,0.146,Up,274,274,no,,x,x,,x,x,x,
BARD1,-0.176,Down,817,817,0.092,Up,,543,no,,,,,,x,,
BTN3A2,-0.253,Down,298,298,0.141,Up,,734,no,,,,,x,x,x,
CCDC57,0.122,Up,837,837,-0.063,Down,203,203,no,,,x,,,x,,
CYP2U1,-0.225,Down,352,352,0.076,Up,,546,no,,,,,x,x,x,
DDX60L,0.251,Up,884,884,0.222,Up,136,136,yes,,,x,,,x,,
DKKL1,0.137,Up,506,506,-0.126,Down,187,187,no,,x,x,,x,x,x,
DOCK4,0.4,Up,688,688,0.174,Up,454,460,yes,,x,x,,x,x,x,
EIF4B,-0.093,Down,340,340,-0.142,Down,273,273,yes,x,x,x,x,x,x,x,
FCER1A,-0.388,Down,212,212,-0.163,Down,,823,yes,,,,,,x,,
GALNT11,-0.151,Down,423,423,0.098,Up,53,53,no,x,x,x,x,x,x,x,
GFI1B,0.161,Up,533,533,-0.074,Down,,532,no,,,,,x,x,x,
GRB10,0.324,Up,50,50,0.077,Up,,815,yes,,,,,,x,,
HGF,0.172,Up,433,433,0.093,Up,,665,yes,,,,,x,x,x,x
HTRA1,0.18,Up,847,847,-0.078,Down,302,302,no,,,x,,,x,,
IGF1R,0.184,Up,393,393,-0.147,Down,,741,no,,,,,x,x,x,x
OLFM4,1.026,Up,53,53,0.352,Up,465,479,yes,x,x,x,x,x,x,x,
PLXNA2,0.217,Up,339,339,-0.063,Down,,632,no,,,,,x,x,x,
PML,0.082,Up,245,245,0.213,Up,100,100,yes,x,x,x,x,x,x,x,x
PTMA,-0.082,Down,610,610,-0.1,Down,321,321,yes,,x,x,,x,x,x,
SCAPER,-0.264,Down,653,653,0.124,Up,63,63,no,,x,x,,x,x,x,
SLC22A14,0.142,Up,680,680,-0.067,Down,,736,no,,,,,x,x,x,
STAT2,0.137,Up,775,775,0.177,Up,,794,yes,,,,,x,x,x,x
SYTL2,-0.347,Down,86,86,0.129,Up,409,412,no,x,x,x,x,x,x,x,
TDRD9,0.492,Up,13,13,0.112,Up,149,149,yes,x,x,x,x,x,x,x,
TGIF1,-0.173,Down,882,882,-0.054,Down,,400,yes,,,,,,x,,
TIGIT,-0.229,Down,982,982,0.124,Up,,668,no,,,,,,x,,
