Dataset,Probe ID,Gene symbol,log2FC,P-value (nominal),Adjusted P-value (BH),Direction
GSE98793 (MDD),206666_at,GZMK,-0.415,1.36e-06,0.0297,Down
GSE98793 (MDD),220570_at,RETN,0.252,1.63e-06,0.0297,Up
GSE98793 (MDD),204970_s_at,MAFG,0.256,3.22e-06,0.038,Up
GSE98793 (MDD),226733_at,PFKFB2,0.364,3.48e-06,0.038,Up
GSE98793 (MDD),231688_at,MMP8,0.749,7.32e-06,0.0572,Up
GSE98793 (MDD),209954_x_at,SS18,-0.207,7.32e-06,0.0572,Down
GSE98793 (MDD),227232_at,EVL,-0.265,1.017e-05,0.0594,Down
GSE98793 (MDD),210426_x_at,RORA,-0.25,1.157e-05,0.0594,Down
GSE98793 (MDD),210279_at,GPR18,-0.238,1.293e-05,0.0594,Down
GSE98793 (MDD),205798_at,IL7R,-0.294,1.305e-05,0.0594,Down
GSE98793 (MDD),210479_s_at,RORA,-0.278,1.362e-05,0.0594,Down
GSE98793 (MDD),239086_at,IDNK,-0.213,1.504e-05,0.0594,Down
GSE98793 (MDD),228285_at,TDRD9,0.492,1.521e-05,0.0594,Up
GSE98793 (MDD),218865_at,MARC1,0.348,2.203e-05,0.0803,Up
GSE98793 (MDD),227957_at,GSN,0.218,3.568e-05,0.1219,Up
GSE98793 (MDD),208744_x_at,HSPH1,-0.271,3.848e-05,0.1227,Down
GSE98793 (MDD),202934_at,HK2,0.241,4.038e-05,0.1227,Up
GSE98793 (MDD),223832_s_at,CAPNS2,0.297,5.03e-05,0.1407,Up
GSE98793 (MDD),235189_at,ICE2,-0.266,5.148e-05,0.1407,Down
GSE98793 (MDD),215769_at,YME1L1,-0.205,6.123e-05,0.1594,Down
GSE63878 (PTSD),7971296,EPSTI1,-0.5827,2.75e-05,0.51,Down
GSE63878 (PTSD),8176730,RPS4Y2,0.1238,6.95e-05,0.51,Up
GSE63878 (PTSD),7903765,GSTM1,0.7899,9.25e-05,0.51,Up
GSE63878 (PTSD),8101637,HSD17B13,0.1883,0.0002021,0.891,Up
GSE63878 (PTSD),8103563,DDX60,-0.3795,0.0003082,1.0,Down
GSE63878 (PTSD),8040080,RSAD2,-0.7517,0.0005108,1.0,Down
GSE63878 (PTSD),7902541,IFI44L,-0.6129,0.0005209,1.0,Down
GSE63878 (PTSD),8154962,DNAJB5,0.1594,0.000689,1.0,Up
GSE63878 (PTSD),7989670,RBPMS2,0.1863,0.0007556,1.0,Up
GSE63878 (PTSD),8161964,FRMD3,-0.1843,0.0007645,1.0,Down
GSE63878 (PTSD),8050102,CMPK2,-0.3625,0.0009505,1.0,Down
GSE63878 (PTSD),8126531,CRIP3///CRIP3,0.1404,0.0010887,1.0,Up
GSE63878 (PTSD),7921434,AIM2,-0.3668,0.0010914,1.0,Down
GSE63878 (PTSD),7967117,OASL,-0.3542,0.0012746,1.0,Down
GSE63878 (PTSD),7958884,OAS1,-0.3705,0.0015525,1.0,Down
GSE63878 (PTSD),8004184,XAF1,-0.3217,0.0017366,1.0,Down
GSE63878 (PTSD),7969096,CDADC1,-0.1163,0.0017945,1.0,Down
GSE63878 (PTSD),8029507,NECTIN2,0.2609,0.0017951,1.0,Up
GSE63878 (PTSD),7908125,RGL1,-0.1274,0.0019837,1.0,Down
GSE63878 (PTSD),8046124,DHRS9,-0.3213,0.0019892,1.0,Down
