Probe ID,Gene symbol,Gene title,log2FC,t statistic,B statistic,P-value (nominal),Adjusted P-value (BH),Direction
7971296,EPSTI1,epithelial stromal interaction 1 (breast),-0.5827,-4.399,1.639,2.75e-05,0.51,Down
8176730,RPS4Y2,"ribosomal protein S4, Y-linked 2",0.1238,4.154,0.945,6.95e-05,0.51,Up
7903765,GSTM1,glutathione S-transferase mu 1,0.7899,4.077,0.731,9.25e-05,0.51,Up
8101637,HSD17B13,hydroxysteroid 17-beta dehydrogenase 13,0.1883,3.861,0.149,0.0002021,0.891,Up
8103563,DDX60,DEXD/H-box helicase 60,-0.3795,-3.741,-0.166,0.0003082,1.0,Down
8040080,RSAD2,radical S-adenosyl methionine domain containing 2,-0.7517,-3.594,-0.541,0.0005108,1.0,Down
7902541,IFI44L,interferon induced protein 44 like,-0.6129,-3.588,-0.556,0.0005209,1.0,Down
8154962,DNAJB5,DnaJ heat shock protein family (Hsp40) member B5,0.1594,3.505,-0.763,0.000689,1.0,Up
7989670,RBPMS2,RNA binding protein with multiple splicing 2,0.1863,3.477,-0.831,0.0007556,1.0,Up
8161964,FRMD3,FERM domain containing 3,-0.1843,-3.473,-0.84,0.0007645,1.0,Down
8050102,CMPK2,cytidine/uridine monophosphate kinase 2,-0.3625,-3.407,-1.001,0.0009505,1.0,Down
8126531,CRIP3///CRIP3,cysteine rich protein 3///cysteine rich protein 3,0.1404,3.366,-1.101,0.0010887,1.0,Up
7921434,AIM2,absent in melanoma 2,-0.3668,-3.365,-1.103,0.0010914,1.0,Down
7967117,OASL,2'-5'-oligoadenylate synthetase like,-0.3542,-3.317,-1.218,0.0012746,1.0,Down
7958884,OAS1,2'-5'-oligoadenylate synthetase 1,-0.3705,-3.255,-1.363,0.0015525,1.0,Down
8004184,XAF1,XIAP associated factor 1,-0.3217,-3.22,-1.446,0.0017366,1.0,Down
7969096,CDADC1,cytidine and dCMP deaminase domain containing 1,-0.1163,-3.209,-1.47,0.0017945,1.0,Down
8029507,NECTIN2,nectin cell adhesion molecule 2,0.2609,3.209,-1.47,0.0017951,1.0,Up
7908125,RGL1,ral guanine nucleotide dissociation stimulator like 1,-0.1274,-3.177,-1.543,0.0019837,1.0,Down
8046124,DHRS9,dehydrogenase/reductase 9,-0.3213,-3.177,-1.546,0.0019892,1.0,Down
8048898,SP140,SP140 nuclear body protein,-0.187,-3.176,-1.547,0.0019943,1.0,Down
7940028,SERPING1,serpin family G member 1,-0.4787,-3.134,-1.643,0.0022714,1.0,Down
7961069,CLECL1,C-type lectin like 1,-0.1503,-3.095,-1.73,0.0025575,1.0,Down
8096361,HERC5,HECT and RLD domain containing E3 ubiquitin protein ligase 5,-0.4551,-3.068,-1.791,0.0027811,1.0,Down
7902553,IFI44,interferon induced protein 44,-0.475,-3.059,-1.812,0.0028604,1.0,Down
7917516,GBP1P1///GBP3///GBP1,guanylate binding protein 1 pseudogene 1///guanylate binding protein 3///guanylate binding protein 1,-0.2974,-3.047,-1.839,0.0029696,1.0,Down
7902850,GBP6,guanylate binding protein family member 6,-0.2166,-3.044,-1.845,0.0029911,1.0,Down
8071063,TPTEP1,transmembrane phosphatase with tensin homology pseudogene 1,0.2249,3.041,-1.852,0.0030232,1.0,Up
7897089,PLCH2,phospholipase C eta 2,0.0925,3.036,-1.864,0.0030702,1.0,Up
8094259,LAP3,leucine aminopeptidase 3,-0.2732,-3.032,-1.872,0.0031035,1.0,Down
8071155,USP18,ubiquitin specific peptidase 18,-0.2438,-3.025,-1.886,0.003166,1.0,Down
8154233,CD274,CD274 molecule,-0.3841,-3.012,-1.915,0.0032941,1.0,Down
8064014,SLC17A9,solute carrier family 17 member 9,0.0835,2.994,-1.955,0.0034767,1.0,Up
8036923,NUMBL,"NUMB like, endocytic adaptor protein",0.0952,2.994,-1.955,0.0034779,1.0,Up
7949340,BATF2,basic leucine zipper ATF-like transcription factor 2,-0.2342,-2.99,-1.964,0.0035229,1.0,Down
8074606,USP41///USP18,ubiquitin specific peptidase 41///ubiquitin specific peptidase 18,-0.3528,-2.989,-1.967,0.0035357,1.0,Down
7929072,IFIT5,interferon induced protein with tetratricopeptide repeats 5,-0.3192,-2.975,-1.996,0.0036803,1.0,Down
7903753,ERVK11-1///GSTM2,endogenous retrovirus group K11 member 1///glutathione S-transferase mu 2 (muscle),0.262,2.966,-2.016,0.0037831,1.0,Up
8092348,LAMP3,lysosomal associated membrane protein 3,-0.1822,-2.956,-2.037,0.0038948,1.0,Down
8056285,IFIH1,interferon induced with helicase C domain 1,-0.2689,-2.953,-2.044,0.0039312,1.0,Down
7990457,MAN2C1,mannosidase alpha class 2C member 1,0.1413,2.936,-2.081,0.0041373,1.0,Up
7907430,FASLG,Fas ligand,-0.1606,-2.928,-2.099,0.0042373,1.0,Down
8109039,SPINK14,"serine peptidase inhibitor, Kazal type 14 (putative)",0.1492,2.917,-2.122,0.0043748,1.0,Up
8118644,RPS18P9///RPS18,ribosomal protein S18 pseudogene 9///ribosomal protein S18,0.1005,2.904,-2.15,0.0045485,1.0,Up
8179544,RPS18P9///RPS18,ribosomal protein S18 pseudogene 9///ribosomal protein S18,0.1005,2.904,-2.15,0.0045485,1.0,Up
8178253,RPS18P9///RPS18,ribosomal protein S18 pseudogene 9///ribosomal protein S18,0.1005,2.904,-2.15,0.0045485,1.0,Up
7912511,KIAA2013,KIAA2013,0.1137,2.899,-2.161,0.0046153,1.0,Up
7958895,OAS3,2'-5'-oligoadenylate synthetase 3,-0.4299,-2.896,-2.167,0.0046562,1.0,Down
7948274,UBE2L6,ubiquitin conjugating enzyme E2 L6,-0.2022,-2.874,-2.215,0.0049688,1.0,Down
7958913,OAS2,2'-5'-oligoadenylate synthetase 2,-0.333,-2.873,-2.216,0.0049769,1.0,Down
7936923,ALDOAP2,"aldolase, fructose-bisphosphate A pseudogene 2",0.09,2.865,-2.233,0.005094,1.0,Up
7912839,CROCCP2,"ciliary rootlet coiled-coil, rootletin pseudogene 2",0.1008,2.862,-2.239,0.0051383,1.0,Up
8122699,RPS18P9,ribosomal protein S18 pseudogene 9,0.1114,2.858,-2.247,0.0051948,1.0,Up
7948092,LOC441601,septin 7 pseudogene,0.111,2.855,-2.253,0.0052393,1.0,Up
8125289,TNXB///TNXA,tenascin XB///tenascin XA (pseudogene),0.1167,2.853,-2.259,0.0052798,1.0,Up
8148572,LY6E,"lymphocyte antigen 6 complex, locus E",-0.3419,-2.838,-2.291,0.0055169,1.0,Down
8010832,FN3KRP,fructosamine 3 kinase related protein,0.1287,2.832,-2.303,0.0056104,1.0,Up
8104634,PRDM9,PR/SET domain 9,0.1465,2.816,-2.336,0.0058749,1.0,Up
8157463,TMEM268,transmembrane protein 268,-0.16,-2.814,-2.34,0.0059042,1.0,Down
8062312,MYL9,myosin light chain 9,0.1896,2.813,-2.342,0.0059218,1.0,Up
7917576,GBP5,guanylate binding protein 5,-0.3519,-2.804,-2.361,0.0060753,1.0,Down
7990582,SCAPER,S-phase cyclin A associated protein in the ER,-0.1236,-2.789,-2.391,0.0063362,1.0,Down
8137448,GALNT11,polypeptide N-acetylgalactosaminyltransferase 11,-0.0975,-2.787,-2.395,0.0063745,1.0,Down
8045816,GPD2,glycerol-3-phosphate dehydrogenase 2,-0.1859,-2.777,-2.417,0.006568,1.0,Down
8142878,CDC26///FKBP15,cell division cycle 26///FK506 binding protein 15,-0.1648,-2.775,-2.421,0.0066032,1.0,Down
7993821,CRYM-AS1,CRYM antisense RNA 1,0.1,2.774,-2.422,0.006617,1.0,Up
8067743,ZBTB46,zinc finger and BTB domain containing 46,0.0893,2.751,-2.47,0.0070645,1.0,Up
8045736,FMNL2,formin like 2,-0.1148,-2.74,-2.493,0.0072967,1.0,Down
8032761,MAP2K2,mitogen-activated protein kinase kinase 2,0.09,2.738,-2.497,0.0073337,1.0,Up
8082100,PARP14,poly(ADP-ribose) polymerase family member 14,-0.251,-2.723,-2.527,0.0076456,1.0,Down
8040374,FAM84A,family with sequence similarity 84 member A,0.0974,2.714,-2.546,0.0078546,1.0,Up
8072710,APOL6,apolipoprotein L6,-0.2517,-2.702,-2.57,0.0081186,1.0,Down
7942603,MOGAT2,monoacylglycerol O-acyltransferase 2,0.1031,2.701,-2.572,0.0081421,1.0,Up
7929744,NKX2-3,NK2 homeobox 3,0.0905,2.692,-2.59,0.008342,1.0,Up
8121825,RNF217,ring finger protein 217,-0.125,-2.691,-2.591,0.0083637,1.0,Down
8125512,TAP1,"transporter 1, ATP binding cassette subfamily B member",-0.1414,-2.683,-2.608,0.0085618,1.0,Down
8180061,TAP1,"transporter 1, ATP binding cassette subfamily B member",-0.1414,-2.683,-2.608,0.0085618,1.0,Down
8178867,TAP1,"transporter 1, ATP binding cassette subfamily B member",-0.1414,-2.683,-2.608,0.0085618,1.0,Down
8143825,KCNH2,potassium voltage-gated channel subfamily H member 2,0.0793,2.68,-2.613,0.008619,1.0,Up
8030731,GPR32P1///GPR32,"G protein-coupled receptor 32, pseudogene 1///G protein-coupled receptor 32",0.2332,2.679,-2.615,0.0086406,1.0,Up
7937314,PGGHG,protein-glucosylgalactosylhydroxylysine glucosidase,0.1523,2.675,-2.623,0.0087381,1.0,Up
7969177,ST13P4,suppression of tumorigenicity 13 (colon carcinoma) (Hsp70 interacting protein) pseudogene 4,0.0856,2.673,-2.629,0.008807,1.0,Up
7917548,GBP7,guanylate binding protein 7,-0.1246,-2.671,-2.632,0.0088479,1.0,Down
8048673,SLC4A3,solute carrier family 4 member 3,0.1047,2.669,-2.636,0.0088982,1.0,Up
8063156,CD40,CD40 molecule,-0.1212,-2.665,-2.643,0.0089872,1.0,Down
7984779,PML,promyelocytic leukemia,-0.2127,-2.663,-2.648,0.0090496,1.0,Down
8125993,ETV7,ETS variant 7,-0.2,-2.662,-2.649,0.0090577,1.0,Down
8099797,RELL1,RELT like 1,0.1491,2.66,-2.653,0.0091141,1.0,Up
8047272,SPATS2L,spermatogenesis associated serine rich 2 like,-0.2153,-2.655,-2.664,0.0092506,1.0,Down
8099255,PSAPL1,prosaposin-like 1 (gene/pseudogene),0.0933,2.654,-2.667,0.0092839,1.0,Up
7937474,LOC171391,uncharacterized LOC171391,0.0883,2.639,-2.695,0.0096639,1.0,Up
8113761,ZNF608,zinc finger protein 608,0.0872,2.637,-2.7,0.0097201,1.0,Up
8125483,TAP2,"transporter 2, ATP binding cassette subfamily B member",-0.1483,-2.631,-2.712,0.0098845,1.0,Down
7917561,GBP4,guanylate binding protein 4,-0.3234,-2.63,-2.714,0.009917,1.0,Down
7969640,CLDN10,claudin 10,0.1096,2.621,-2.731,0.0101606,1.0,Up
7934898,ANKRD22,ankyrin repeat domain 22,-0.3729,-2.619,-2.735,0.0102164,1.0,Down
8068713,MX1,MX dynamin like GTPase 1,-0.3928,-2.613,-2.747,0.0103894,1.0,Down
8143790,TMEM176B,transmembrane protein 176B,-0.427,-2.612,-2.748,0.0104041,1.0,Down
7902930,HSP90B3P,"heat shock protein 90 beta family member 3, pseudogene",0.1059,2.611,-2.751,0.0104382,1.0,Up
8174361,TSC22D3,TSC22 domain family member 3,0.1061,2.61,-2.751,0.0104495,1.0,Up
8057959,PGAP1,post-GPI attachment to proteins 1,-0.1255,-2.61,-2.752,0.0104507,1.0,Down
8017057,C17orf47,chromosome 17 open reading frame 47,0.1169,2.609,-2.755,0.0104982,1.0,Up
7939150,PRRG4,proline rich and Gla domain 4,-0.2213,-2.606,-2.76,0.0105747,1.0,Down
7906486,SLAMF8,SLAM family member 8,-0.1515,-2.598,-2.775,0.0108017,1.0,Down
7897026,CALML6,calmodulin like 6,0.12,2.597,-2.778,0.010846,1.0,Up
8030848,SPACA6,sperm acrosome associated 6,0.1079,2.596,-2.781,0.0108827,1.0,Up
7935058,MYOF,myoferlin,-0.2733,-2.591,-2.789,0.0110114,1.0,Down
8065372,NAPB,NSF attachment protein beta,-0.0991,-2.577,-2.817,0.0114468,1.0,Down
7960383,PARP11,poly(ADP-ribose) polymerase family member 11,-0.1273,-2.573,-2.825,0.0115727,1.0,Down
8041542,GALM,galactose mutarotase,-0.2213,-2.568,-2.835,0.0117386,1.0,Down
8156688,TDRD7,tudor domain containing 7,-0.1574,-2.563,-2.844,0.0118981,1.0,Down
7985226,MORF4L1,mortality factor 4 like 1,0.1107,2.561,-2.847,0.0119424,1.0,Up
8029728,GIPR,gastric inhibitory polypeptide receptor,0.0968,2.56,-2.849,0.0119706,1.0,Up
8091141,XRN1,5'-3' exoribonuclease 1,-0.142,-2.56,-2.85,0.0119836,1.0,Down
8018975,LGALS3BP,galectin 3 binding protein,-0.1435,-2.558,-2.853,0.0120369,1.0,Down
8003560,DBNDD1,dysbindin domain containing 1,0.0781,2.558,-2.853,0.0120386,1.0,Up
7943314,JRKL,JRK-like,-0.1425,-2.556,-2.857,0.0121071,1.0,Down
8103601,DDX60L,DEAD-box helicase 60-like,-0.2221,-2.556,-2.858,0.0121291,1.0,Down
7904050,MOV10,Mov10 RISC complex RNA helicase,-0.1847,-2.553,-2.863,0.0122051,1.0,Down
8154245,PDCD1LG2,programmed cell death 1 ligand 2,-0.2177,-2.55,-2.868,0.0122985,1.0,Down
8068100,LINC00189,long intergenic non-protein coding RNA 189,-0.2844,-2.55,-2.869,0.0123096,1.0,Down
8161537,CBWD6///CBWD3///CBWD5///CBWD2///CBWD1///CBWD6///CBWD3///CBWD5///CBWD1,COBW domain containing 6///COBW domain containing 3///COBW domain containing 5///COBW domain containing 2///COBW domain containing 1///COBW domain containing 6///COBW domain containing 3///COBW domain containing 5///COBW domain containing 1,-0.1331,-2.55,-2.87,0.012324,1.0,Down
7984475,CORO2B,coronin 2B,0.1125,2.549,-2.87,0.0123371,1.0,Up
8161133,SPAG8,sperm associated antigen 8,0.0832,2.543,-2.882,0.0125373,1.0,Up
7944603,GRIK4,glutamate ionotropic receptor kainate type subunit 4,0.1133,2.536,-2.895,0.0127717,1.0,Up
8073152,CACNA1I,calcium voltage-gated channel subunit alpha1 I,0.0792,2.529,-2.91,0.0130395,1.0,Up
7973629,REC8,REC8 meiotic recombination protein,-0.0931,-2.524,-2.919,0.0132044,1.0,Down
7906988,LOC440700,carbonic anhydrase 14 pseudogene,0.0912,2.514,-2.938,0.0135676,1.0,Up
8034108,YIPF2,Yip1 domain family member 2,0.0715,2.511,-2.943,0.013668,1.0,Up
8128459,SIM1,single-minded family bHLH transcription factor 1,0.1062,2.509,-2.946,0.0137211,1.0,Up
8102362,TIFA,TRAF interacting protein with forkhead associated domain,-0.2074,-2.507,-2.951,0.013819,1.0,Down
7951413,CARD17///CARD17,caspase recruitment domain family member 17///caspase recruitment domain family member 17,-0.2204,-2.504,-2.956,0.0139146,1.0,Down
8004763,GUCY2D,"guanylate cyclase 2D, retinal",0.0738,2.5,-2.964,0.0140661,1.0,Up
8135969,CCDC136,coiled-coil domain containing 136,0.099,2.498,-2.968,0.0141531,1.0,Up
8050503,TTC32,tetratricopeptide repeat domain 32,-0.1595,-2.497,-2.969,0.0141619,1.0,Down
7951554,RDX,radixin,-0.122,-2.487,-2.988,0.0145466,1.0,Down
8110620,BTNL3,butyrophilin like 3,0.1559,2.487,-2.989,0.0145781,1.0,Up
8104136,HMX1,H6 family homeobox 1,0.0808,2.478,-3.005,0.0149045,1.0,Up
7927267,FAM35DP///FAM35BP///FAM35A,"family with sequence similarity 35, member A pseudogene///family with sequence similarity 35, member A pseudogene///family with sequence similarity 35 member A",-0.1133,-2.473,-3.015,0.0151126,1.0,Down
8143279,ZC3HAV1,"zinc finger CCCH-type containing, antiviral 1",-0.1323,-2.471,-3.018,0.0151795,1.0,Down
7977161,TDRD9,tudor domain containing 9,-0.1125,-2.471,-3.018,0.0151803,1.0,Down
7973900,IGBP1P1,immunoglobulin (CD79A) binding protein 1 pseudogene 1,0.1697,2.467,-3.026,0.01535,1.0,Up
8051501,EIF2AK2,eukaryotic translation initiation factor 2 alpha kinase 2,-0.2629,-2.465,-3.03,0.0154319,1.0,Down
8071646,VPREB1,pre-B lymphocyte 1,0.1311,2.46,-3.039,0.0156454,1.0,Up
7910379,DUSP5P1,dual specificity phosphatase 5 pseudogene 1,0.1161,2.459,-3.04,0.0156571,1.0,Up
7920057,TDRKH,tudor and KH domain containing,-0.0935,-2.459,-3.041,0.0156723,1.0,Down
8151118,VCPIP1,valosin containing protein interacting protein 1,-0.0894,-2.458,-3.042,0.0157042,1.0,Down
8001306,SIAH1,siah E3 ubiquitin protein ligase 1,0.0751,2.458,-3.042,0.0157106,1.0,Up
7917532,GBP2,guanylate binding protein 2,-0.1985,-2.456,-3.047,0.0158145,1.0,Down
7960942,LINC00612,long intergenic non-protein coding RNA 612,-0.0727,-2.456,-3.047,0.0158155,1.0,Down
8141423,MIR106B,microRNA 106b,0.0882,2.447,-3.063,0.0161739,1.0,Up
8057744,STAT1,signal transducer and activator of transcription 1,-0.1977,-2.446,-3.066,0.0162306,1.0,Down
8154359,RPL18A,ribosomal protein L18a,0.089,2.444,-3.069,0.0163155,1.0,Up
8169904,SLC25A14,solute carrier family 25 member 14,-0.0772,-2.441,-3.074,0.0164194,1.0,Down
8122600,STXBP5,syntaxin binding protein 5,0.1292,2.44,-3.075,0.0164556,1.0,Up
7960635,SCARNA11,small Cajal body-specific RNA 11,0.0894,2.44,-3.076,0.0164695,1.0,Up
7963366,KRT85,keratin 85,0.1122,2.44,-3.076,0.0164772,1.0,Up
8010719,LRRC45,leucine rich repeat containing 45,0.0716,2.433,-3.088,0.0167582,1.0,Up
7978123,PSME2,proteasome activator subunit 2,-0.2045,-2.433,-3.089,0.0167745,1.0,Down
8018646,FOXJ1,forkhead box J1,0.092,2.43,-3.094,0.0168958,1.0,Up
7927799,REEP3,receptor accessory protein 3,-0.1184,-2.426,-3.102,0.0170793,1.0,Down
8147461,SDC2,syndecan 2,0.1095,2.426,-3.102,0.0170858,1.0,Up
7928107,H2AFY2,H2A histone family member Y2,0.086,2.426,-3.102,0.0170955,1.0,Up
8137474,ACTR3B,ARP3 actin related protein 3 homolog B,-0.0736,-2.422,-3.109,0.017261,1.0,Down
7959195,CABP1,calcium binding protein 1,0.0877,2.417,-3.118,0.0174728,1.0,Up
8143534,KEL,"Kell blood group, metallo-endopeptidase",0.09,2.416,-3.119,0.0175151,1.0,Up
7937247,SPRNP1,shadow of prion protein homolog (zebrafish) pseudogene 1,0.0997,2.412,-3.128,0.0177346,1.0,Up
8065603,TSPY26P,"testis specific protein, Y-linked 26, pseudogene",0.0786,2.409,-3.133,0.0178459,1.0,Up
8030292,DKKL1,dickkopf like acrosomal protein 1,0.1261,2.407,-3.136,0.0179258,1.0,Up
8026339,SNRPG,small nuclear ribonucleoprotein polypeptide G,-0.2124,-2.407,-3.137,0.0179492,1.0,Down
8138450,FERD3L,Fer3-like bHLH transcription factor,0.1155,2.406,-3.138,0.0179679,1.0,Up
7927288,FAM35DP///FAM35BP///FAM35A,"family with sequence similarity 35, member A pseudogene///family with sequence similarity 35, member A pseudogene///family with sequence similarity 35 member A",-0.1039,-2.405,-3.14,0.0180212,1.0,Down
7929052,IFIT3,interferon induced protein with tetratricopeptide repeats 3,-0.3589,-2.401,-3.147,0.0182102,1.0,Down
7898594,HTR6,5-hydroxytryptamine receptor 6,0.1008,2.399,-3.15,0.0182997,1.0,Up
8157141,ACTL7A,actin like 7A,0.095,2.397,-3.155,0.0184242,1.0,Up
8051777,COX7A2L,cytochrome c oxidase subunit 7A2 like,0.0745,2.395,-3.158,0.0185011,1.0,Up
7962274,KIF21A,kinesin family member 21A,-0.1351,-2.392,-3.164,0.0186499,1.0,Down
7946977,SAA2-SAA4///SAA4,"SAA2-SAA4 readthrough///serum amyloid A4, constitutive",0.0958,2.391,-3.165,0.0186914,1.0,Up
7934505,C10orf55,chromosome 10 open reading frame 55,0.1139,2.389,-3.17,0.0187996,1.0,Up
8021546,ZCCHC2,zinc finger CCHC-type containing 2,-0.2398,-2.389,-3.17,0.0188109,1.0,Down
8025375,CCL25,C-C motif chemokine ligand 25,0.086,2.386,-3.174,0.0189195,1.0,Up
8084732,RTP4,receptor transporter protein 4,-0.2483,-2.386,-3.174,0.0189313,1.0,Down
8060432,TGM3,transglutaminase 3,0.1524,2.383,-3.179,0.0190662,1.0,Up
8015846,MPP3,membrane palmitoylated protein 3,0.0974,2.382,-3.182,0.0191342,1.0,Up
8098342,SAP30,Sin3A associated protein 30,0.0852,2.378,-3.189,0.0193228,1.0,Up
8095545,RUFY3,RUN and FYVE domain containing 3,-0.0967,-2.375,-3.195,0.0194958,1.0,Down
7921821,ADAMTS4,ADAM metallopeptidase with thrombospondin type 1 motif 4,0.0954,2.374,-3.196,0.0195258,1.0,Up
8107133,PAM,peptidylglycine alpha-amidating monooxygenase,-0.172,-2.372,-3.2,0.0196224,1.0,Down
8027938,UPK1A,uroplakin 1A,0.0892,2.371,-3.202,0.0196923,1.0,Up
8150253,STAR,steroidogenic acute regulatory protein,0.0904,2.366,-3.211,0.0199256,1.0,Up
8106626,FAM151B,family with sequence similarity 151 member B,-0.1578,-2.364,-3.214,0.0200265,1.0,Down
7911941,CHD5,chromodomain helicase DNA binding protein 5,0.0826,2.363,-3.216,0.0200738,1.0,Up
8037788,DACT3,dishevelled binding antagonist of beta catenin 3,0.0819,2.359,-3.223,0.0202879,1.0,Up
8048452,WNT10A,Wnt family member 10A,0.0762,2.354,-3.232,0.0205379,1.0,Up
8154953,PHF24,PHD finger protein 24,0.1058,2.354,-3.233,0.0205654,1.0,Up
7922330,PIGC,phosphatidylinositol glycan anchor biosynthesis class C,-0.1021,-2.348,-3.243,0.0208792,1.0,Down
7985025,ODF3L1,outer dense fiber of sperm tails 3 like 1,0.1001,2.347,-3.245,0.0209094,1.0,Up
8028607,IFNL2,interferon lambda 2,0.1164,2.346,-3.247,0.0209983,1.0,Up
8138757,HOXA10,homeobox A10,0.077,2.345,-3.248,0.0210105,1.0,Up
8031908,ZSCAN22,zinc finger and SCAN domain containing 22,0.0734,2.345,-3.248,0.0210114,1.0,Up
8070330,PSMG1///PSMG1,proteasome assembly chaperone 1///proteasome assembly chaperone 1,-0.0669,-2.335,-3.266,0.0215606,1.0,Down
8139966,TRIM74///TRIM73///TRIM50,tripartite motif containing 74///tripartite motif containing 73///tripartite motif containing 50,0.0846,2.33,-3.274,0.0218198,1.0,Up
8177261,TTTY10,"testis-specific transcript, Y-linked 10 (non-protein coding)",0.1023,2.33,-3.275,0.0218457,1.0,Up
8009875,MYO15B,myosin XVB,0.0903,2.329,-3.277,0.0219005,1.0,Up
8065334,NKX2-2,NK2 homeobox 2,0.0928,2.328,-3.279,0.021973,1.0,Up
8178712,TNXB///TNXA,tenascin XB///tenascin XA (pseudogene),0.0882,2.326,-3.282,0.02206,1.0,Up
8179935,TNXB///TNXA,tenascin XB///tenascin XA (pseudogene),0.0882,2.326,-3.282,0.02206,1.0,Up
7898357,LOC102724562///MST1L///MST1P2///MST1,macrophage stimulating 1 pseudogene///macrophage stimulating 1 like///macrophage stimulating 1 pseudogene 2///macrophage stimulating 1,0.0784,2.323,-3.288,0.0222467,1.0,Up
8060792,LOC643406,uncharacterized LOC643406,0.1025,2.322,-3.29,0.0222933,1.0,Up
8007446,IFI35,interferon induced protein 35,-0.2318,-2.321,-3.291,0.0223491,1.0,Down
7955943,PDE1B,phosphodiesterase 1B,-0.0835,-2.319,-3.295,0.022456,1.0,Down
8010426,RNF213,ring finger protein 213,-0.1867,-2.317,-3.298,0.0225679,1.0,Down
7925250,GNG4,G protein subunit gamma 4,0.0921,2.316,-3.3,0.0226322,1.0,Up
7992191,TPSD1,tryptase delta 1,0.0969,2.312,-3.307,0.0228511,1.0,Up
8180034,TAP2,"transporter 2, ATP binding cassette subfamily B member",-0.128,-2.308,-3.315,0.0231033,1.0,Down
7951004,SMCO4,single-pass membrane protein with coiled-coil domains 4,-0.1586,-2.305,-3.32,0.023269,1.0,Down
8164843,OBP2B,odorant binding protein 2B,0.1267,2.303,-3.322,0.023352,1.0,Up
8025918,CNN1,calponin 1,0.0791,2.302,-3.324,0.0234248,1.0,Up
7967226,IL31,interleukin 31,0.1067,2.302,-3.325,0.0234469,1.0,Up
8039605,ZNF835,zinc finger protein 835,0.0739,2.301,-3.327,0.0235052,1.0,Up
8129497,EPB41L2,erythrocyte membrane protein band 4.1 like 2,-0.1056,-2.3,-3.328,0.0235642,1.0,Down
8106976,GPR150,G protein-coupled receptor 150,0.0824,2.296,-3.335,0.0237964,1.0,Up
8104163,LRRC14B,leucine rich repeat containing 14B,0.1002,2.294,-3.339,0.0239333,1.0,Up
8042086,VRK2,vaccinia related kinase 2,-0.1423,-2.293,-3.341,0.0239982,1.0,Down
8095362,MT2A,metallothionein 2A,-0.1564,-2.289,-3.347,0.0241866,1.0,Down
8090018,PARP9,poly(ADP-ribose) polymerase family member 9,-0.2727,-2.289,-3.347,0.0241897,1.0,Down
8046527,HOXD12,homeobox D12,0.0998,2.288,-3.349,0.0242785,1.0,Up
7942879,TMEM126B,transmembrane protein 126B,-0.1318,-2.283,-3.358,0.0245793,1.0,Down
8044613,CBWD6///CBWD3///CBWD5///CBWD2///CBWD1///CBWD6///CBWD3///CBWD5///CBWD1,COBW domain containing 6///COBW domain containing 3///COBW domain containing 5///COBW domain containing 2///COBW domain containing 1///COBW domain containing 6///COBW domain containing 3///COBW domain containing 5///COBW domain containing 1,-0.1001,-2.28,-3.363,0.0247377,1.0,Down
8087530,CAMKV,CaM kinase like vesicle associated,0.0928,2.28,-3.364,0.0247795,1.0,Up
7952086,TREH,trehalase,0.0851,2.279,-3.364,0.0248,1.0,Up
8073766,RIBC2,RIB43A domain with coiled-coils 2,0.0921,2.278,-3.366,0.0248767,1.0,Up
8134030,STEAP1,six transmembrane epithelial antigen of the prostate 1,0.1198,2.276,-3.371,0.0250352,1.0,Up
8003861,SPNS3,sphingolipid transporter 3 (putative),0.0855,2.273,-3.376,0.0252097,1.0,Up
7899841,HPCA,hippocalcin,0.0815,2.272,-3.377,0.0252372,1.0,Up
8160559,DDX58,DEXD/H-box helicase 58,-0.2206,-2.272,-3.378,0.0252781,1.0,Down
8037651,SIX5,SIX homeobox 5,0.0813,2.271,-3.379,0.0253082,1.0,Up
8129728,AHI1,Abelson helper integration site 1,-0.1464,-2.271,-3.379,0.0253109,1.0,Down
7955646,EIF4B,eukaryotic translation initiation factor 4B,0.1425,2.269,-3.382,0.0254188,1.0,Up
8014326,RDM1,RAD52 motif containing 1,0.0943,2.269,-3.383,0.0254577,1.0,Up
7945539,SLC25A22,solute carrier family 25 member 22,0.0743,2.269,-3.383,0.025472,1.0,Up
8033319,SH2D3A,SH2 domain containing 3A,0.0828,2.268,-3.383,0.0254858,1.0,Up
7966183,ALKBH2,"alkB homolog 2, alpha-ketoglutarate dependent dioxygenase",0.0858,2.268,-3.385,0.0255321,1.0,Up
7997755,BANP,BTG3 associated nuclear protein,0.075,2.268,-3.385,0.025538,1.0,Up
8135594,CAV1,caveolin 1,0.0873,2.265,-3.389,0.0256968,1.0,Up
7998952,TIGD7,tigger transposable element derived 7,-0.082,-2.263,-3.393,0.0258352,1.0,Down
7976842,MIR382,microRNA 382,0.1194,2.263,-3.393,0.0258384,1.0,Up
8075477,RNF185-AS1,RNF185 antisense RNA 1,-0.1537,-2.262,-3.395,0.0258975,1.0,Down
8116655,PSMG4,proteasome assembly chaperone 4,0.071,2.261,-3.396,0.0259662,1.0,Up
8076393,CENPM,centromere protein M,0.0904,2.261,-3.397,0.0259743,1.0,Up
8095376,MT2A,metallothionein 2A,-0.1497,-2.257,-3.403,0.0262125,1.0,Down
7915147,FHL3,four and a half LIM domains 3,0.1671,2.256,-3.406,0.0263058,1.0,Up
7983360,B2M,beta-2-microglobulin,0.0636,2.255,-3.407,0.0263427,1.0,Up
8067221,ZBP1,Z-DNA binding protein 1,-0.1786,-2.254,-3.408,0.0263853,1.0,Down
8103911,IRF2,interferon regulatory factor 2,-0.1091,-2.253,-3.41,0.0264766,1.0,Down
7901187,LURAP1,leucine rich adaptor protein 1,0.0945,2.252,-3.412,0.026542,1.0,Up
7916167,ORC1,origin recognition complex subunit 1,-0.1124,-2.25,-3.415,0.0266606,1.0,Down
7945742,TRPM5,transient receptor potential cation channel subfamily M member 5,0.1023,2.249,-3.417,0.0267441,1.0,Up
8098167,FAM218A,family with sequence similarity 218 member A,0.091,2.248,-3.419,0.026799,1.0,Up
8113573,TSSK1B,testis specific serine kinase 1B,0.0996,2.246,-3.422,0.0269151,1.0,Up
8057394,SESTD1,SEC14 and spectrin domain containing 1,-0.1145,-2.245,-3.424,0.0269917,1.0,Down
8099084,FAM86EP,"family with sequence similarity 86, member A pseudogene",0.0865,2.245,-3.425,0.0270319,1.0,Up
7953181,PRMT8,protein arginine methyltransferase 8,0.095,2.243,-3.427,0.027141,1.0,Up
8034698,MIR23A,microRNA 23a,0.1486,2.243,-3.427,0.0271428,1.0,Up
7917530,GBP2,guanylate binding protein 2,-0.1817,-2.242,-3.429,0.0271857,1.0,Down
8119357,DAAM2,dishevelled associated activator of morphogenesis 2,0.1406,2.242,-3.429,0.0271922,1.0,Up
8178841,TAP2,"transporter 2, ATP binding cassette subfamily B member",-0.1254,-2.24,-3.432,0.027324,1.0,Down
7914127,IFI6,interferon alpha inducible protein 6,-0.3003,-2.239,-3.434,0.0273869,1.0,Down
8137264,TMEM176A,transmembrane protein 176A,-0.5365,-2.238,-3.436,0.0274858,1.0,Down
8019437,CCDC57,coiled-coil domain containing 57,0.0627,2.237,-3.437,0.0275116,1.0,Up
8098611,TLR3,toll like receptor 3,-0.1192,-2.237,-3.437,0.0275233,1.0,Down
8106923,NR2F1,nuclear receptor subfamily 2 group F member 1,0.0967,2.233,-3.445,0.0278405,1.0,Up
8117476,BTN3A3,butyrophilin subfamily 3 member A3,-0.1765,-2.232,-3.446,0.0278949,1.0,Down
7910618,SLC35F3,solute carrier family 35 member F3,0.0672,2.232,-3.447,0.0279027,1.0,Up
8051241,ALK///KIF5B///ALK,anaplastic lymphoma receptor tyrosine kinase///kinesin family member 5B///anaplastic lymphoma receptor tyrosine kinase,0.0997,2.23,-3.449,0.0279966,1.0,Up
7937667,BRSK2,BR serine/threonine kinase 2,0.0834,2.23,-3.45,0.0280405,1.0,Up
7897006,MMP23A///MMP23B,matrix metallopeptidase 23A (pseudogene)///matrix metallopeptidase 23B,0.0765,2.229,-3.451,0.0280802,1.0,Up
7942073,IGHMBP2,immunoglobulin mu binding protein 2,0.0655,2.228,-3.453,0.028145,1.0,Up
8171026,H2AFB1///H2AFB2///H2AFB3,H2A histone family member B1///H2A histone family member B2///H2A histone family member B3,0.0726,2.227,-3.455,0.0282251,1.0,Up
8155636,CBWD6///CBWD3///CBWD5///CBWD2///CBWD1///CBWD6///CBWD3///CBWD5///CBWD1,COBW domain containing 6///COBW domain containing 3///COBW domain containing 5///COBW domain containing 2///COBW domain containing 1///COBW domain containing 6///COBW domain containing 3///COBW domain containing 5///COBW domain containing 1,-0.094,-2.224,-3.46,0.0284384,1.0,Down
7914467,SPOCD1,SPOC domain containing 1,0.0843,2.221,-3.464,0.0286019,1.0,Up
8148772,HGH1,HGH1 homolog,0.0643,2.221,-3.464,0.0286034,1.0,Up
8029458,CEACAM16,carcinoembryonic antigen related cell adhesion molecule 16,0.0963,2.22,-3.466,0.0286868,1.0,Up
8154176,MIR101-2,microRNA 101-2,-0.1512,-2.216,-3.473,0.0289592,1.0,Down
7908692,RPS10P7,ribosomal protein S10 pseudogene 7,0.0813,2.215,-3.475,0.029041,1.0,Up
8093166,PIGZ,phosphatidylinositol glycan anchor biosynthesis class Z,0.0877,2.214,-3.476,0.0291068,1.0,Up
8025551,C19orf66,chromosome 19 open reading frame 66,-0.1238,-2.213,-3.478,0.0292019,1.0,Down
8003484,VPS9D1,VPS9 domain containing 1,-0.0989,-2.213,-3.479,0.0292243,1.0,Down
8112896,ANKRD34B,ankyrin repeat domain 34B,-0.1477,-2.213,-3.479,0.0292352,1.0,Down
8118324,C2,complement component 2,-0.144,-2.207,-3.488,0.0296189,1.0,Down
7945462,IRF7,interferon regulatory factor 7,-0.1256,-2.207,-3.489,0.0296409,1.0,Down
7897737,DRAXIN,dorsal inhibitory axon guidance protein,0.0881,2.204,-3.493,0.0298328,1.0,Up
8014391,CCL3L3///CCL3L1///CCL3,C-C motif chemokine ligand 3 like 3///C-C motif chemokine ligand 3 like 1///C-C motif chemokine ligand 3,0.1432,2.201,-3.499,0.0300622,1.0,Up
8014414,CCL3L3///CCL3L1///CCL3,C-C motif chemokine ligand 3 like 3///C-C motif chemokine ligand 3 like 1///C-C motif chemokine ligand 3,0.1432,2.201,-3.499,0.0300622,1.0,Up
8019731,CCL3L3///CCL3L1///CCL3,C-C motif chemokine ligand 3 like 3///C-C motif chemokine ligand 3 like 1///C-C motif chemokine ligand 3,0.1432,2.201,-3.499,0.0300622,1.0,Up
8015016,TNS4,tensin 4,0.0716,2.201,-3.499,0.0300855,1.0,Up
8172266,MIR221,microRNA 221,0.0891,2.2,-3.5,0.0301048,1.0,Up
8084064,MTHFD2,"methylenetetrahydrofolate dehydrogenase (NADP+ dependent) 2, methenyltetrahydrofolate cyclohydrolase",-0.1266,-2.2,-3.501,0.0301645,1.0,Down
7971177,FOXO1,forkhead box O1,0.0691,2.198,-3.503,0.0302749,1.0,Up
8039779,SLC27A5,solute carrier family 27 member 5,0.0819,2.198,-3.504,0.0303161,1.0,Up
7935337,PIK3AP1,phosphoinositide-3-kinase adaptor protein 1,-0.1494,-2.197,-3.506,0.0303638,1.0,Down
8067652,EEF1A2,eukaryotic translation elongation factor 1 alpha 2,0.0718,2.196,-3.507,0.0304242,1.0,Up
8067185,BMP7,bone morphogenetic protein 7,0.0822,2.196,-3.507,0.0304366,1.0,Up
8062404,LOC100287792,uncharacterized LOC100287792,0.1277,2.194,-3.51,0.0305796,1.0,Up
8097148,KIAA1109,KIAA1109,-0.1158,-2.192,-3.514,0.0307343,1.0,Down
8032782,TMIGD2,transmembrane and immunoglobulin domain containing 2,0.118,2.191,-3.515,0.0307692,1.0,Up
8123910,GCM2,glial cells missing homolog 2,0.0987,2.187,-3.523,0.0311278,1.0,Up
7938035,TRIM22,tripartite motif containing 22,-0.1688,-2.185,-3.525,0.0312217,1.0,Down
8038192,FUT1,fucosyltransferase 1 (H blood group),0.0929,2.184,-3.526,0.0312949,1.0,Up
8049083,PTMA,"prothymosin, alpha",0.0996,2.179,-3.535,0.031701,1.0,Up
8158912,BARHL1,BarH like homeobox 1,0.0948,2.178,-3.537,0.0317554,1.0,Up
8074916,DRICH1,aspartate rich 1,-0.09,-2.177,-3.539,0.0318696,1.0,Down
8056730,LINC01124,long intergenic non-protein coding RNA 1124,0.1095,2.177,-3.539,0.0318812,1.0,Up
7977214,MIR203A,microRNA 203a,0.0695,2.176,-3.54,0.0319244,1.0,Up
8163839,C5,complement component 5,-0.098,-2.175,-3.542,0.0319833,1.0,Down
7975598,ACOT1,acyl-CoA thioesterase 1,0.0807,2.173,-3.545,0.0321346,1.0,Up
7904025,WNT2B,Wnt family member 2B,0.0826,2.173,-3.546,0.0321677,1.0,Up
8130474,SERAC1,serine active site containing 1,-0.0879,-2.172,-3.548,0.032286,1.0,Down
8134856,FBXO24,F-box protein 24,0.084,2.171,-3.549,0.0323085,1.0,Up
7976840,MIR487A,microRNA 487a,0.0844,2.169,-3.553,0.0325084,1.0,Up
8016387,PRR15L,proline rich 15 like,0.0944,2.168,-3.554,0.0325385,1.0,Up
8087250,MIR425,microRNA 425,0.0863,2.168,-3.554,0.0325512,1.0,Up
7972932,GAS6-AS1///GAS6-AS1,GAS6 antisense RNA 1///GAS6 antisense RNA 1,0.0971,2.168,-3.555,0.0325927,1.0,Up
8110347,SLC34A1,solute carrier family 34 member 1,0.0937,2.168,-3.555,0.0325951,1.0,Up
7983679,AP4E1,adaptor related protein complex 4 epsilon 1 subunit,-0.0896,-2.167,-3.556,0.0326633,1.0,Down
8028332,KCNK6,potassium two pore domain channel subfamily K member 6,0.0643,2.166,-3.558,0.0327291,1.0,Up
8031398,NLRP2,NLR family pyrin domain containing 2,-0.1054,-2.163,-3.562,0.0329312,1.0,Down
8141669,NAT16,N-acetyltransferase 16 (putative),0.0907,2.162,-3.564,0.033037,1.0,Up
7897728,FBXO6,F-box protein 6,-0.1247,-2.162,-3.564,0.0330429,1.0,Down
7955852,HOXC12,homeobox C12,0.0722,2.16,-3.567,0.0331942,1.0,Up
7931097,HTRA1,HtrA serine peptidase 1,0.0783,2.16,-3.568,0.0332329,1.0,Up
8097670,MMAA,methylmalonic aciduria (cobalamin deficiency) cblA type,-0.0949,-2.155,-3.575,0.033557,1.0,Down
8167642,BMP15,bone morphogenetic protein 15,0.0771,2.154,-3.577,0.0336837,1.0,Up
7901309,FOXE3,forkhead box E3,0.0614,2.153,-3.579,0.0337445,1.0,Up
8139163,FAM183BP,acyloxyacyl hydrolase (neutrophil),0.1496,2.15,-3.584,0.0339794,1.0,Up
8093304,CCRL2///CCRL2,C-C motif chemokine receptor like 2///C-C motif chemokine receptor like 2,-0.1572,-2.15,-3.584,0.0339908,1.0,Down
8081590,PHLDB2,pleckstrin homology like domain family B member 2,-0.0909,-2.15,-3.584,0.0340031,1.0,Down
8118974,RPL10A,ribosomal protein L10a,0.1436,2.148,-3.587,0.0341338,1.0,Up
8076302,CHADL,chondroadherin like,0.0724,2.148,-3.587,0.0341491,1.0,Up
8156228,CTSL,cathepsin L,-0.1328,-2.147,-3.588,0.034207,1.0,Down
8018673,QRICH2,glutamine rich 2,0.0869,2.147,-3.588,0.0342252,1.0,Up
8117485,BTN2A1,butyrophilin subfamily 2 member A1,-0.101,-2.146,-3.59,0.0342918,1.0,Down
8051422,MYADML,myeloid associated differentiation marker like (pseudogene),0.0867,2.145,-3.593,0.0344362,1.0,Up
7981490,TMEM179,transmembrane protein 179,0.0991,2.139,-3.603,0.0349353,1.0,Up
8003210,C16orf74,chromosome 16 open reading frame 74,0.0697,2.137,-3.606,0.0350818,1.0,Up
8067610,CHRNA4,cholinergic receptor nicotinic alpha 4 subunit,0.0862,2.134,-3.611,0.0353469,1.0,Up
8166665,FAM47B,family with sequence similarity 47 member B,0.0875,2.131,-3.615,0.0355441,1.0,Up
8135037,MUC12,"mucin 12, cell surface associated",0.0846,2.131,-3.615,0.0355556,1.0,Up
8022972,RPL7A,ribosomal protein L7a,0.0853,2.129,-3.618,0.0357362,1.0,Up
8065693,NECAB3,N-terminal EF-hand calcium binding protein 3,0.0628,2.128,-3.62,0.0358181,1.0,Up
8038782,CTU1,cytosolic thiouridylase subunit 1,0.0953,2.128,-3.62,0.0358299,1.0,Up
8160602,APTX,aprataxin,-0.0702,-2.127,-3.622,0.0359431,1.0,Down
8082075,DTX3L,deltex E3 ubiquitin ligase 3L,-0.1926,-2.126,-3.624,0.0360169,1.0,Down
8061227,SLC24A3,solute carrier family 24 member 3,0.099,2.126,-3.624,0.0360391,1.0,Up
7991766,HBA2///HBA1,hemoglobin subunit alpha 2///hemoglobin subunit alpha 1,0.0552,2.125,-3.625,0.0360574,1.0,Up
7991762,HBA2///HBA1,hemoglobin subunit alpha 2///hemoglobin subunit alpha 1,0.0552,2.125,-3.625,0.0360574,1.0,Up
8024306,APC2,"APC2, WNT signaling pathway regulator",0.0814,2.123,-3.628,0.0362626,1.0,Up
8162570,HSD17B3,hydroxysteroid 17-beta dehydrogenase 3,0.1047,2.12,-3.633,0.0364789,1.0,Up
8051963,SRBD1,S1 RNA binding domain 1,-0.1312,-2.118,-3.636,0.0366886,1.0,Down
7938078,C11orf42,chromosome 11 open reading frame 42,0.0817,2.116,-3.64,0.0368991,1.0,Up
7918379,GSTM3,glutathione S-transferase mu 3,0.1338,2.114,-3.642,0.0369946,1.0,Up
8159476,TRAF2,TNF receptor associated factor 2,0.0679,2.113,-3.644,0.0370832,1.0,Up
7959946,MMP17,matrix metallopeptidase 17,0.0674,2.113,-3.644,0.0370909,1.0,Up
8175775,MAGEA1,MAGE family member A1,0.0843,2.113,-3.644,0.0371131,1.0,Up
8059989,HES6,hes family bHLH transcription factor 6,0.0711,2.112,-3.646,0.0372056,1.0,Up
8179495,PSMB9,proteasome subunit beta 9,-0.113,-2.109,-3.652,0.0374968,1.0,Down
8178211,PSMB9,proteasome subunit beta 9,-0.113,-2.109,-3.652,0.0374968,1.0,Down
8118571,PSMB9,proteasome subunit beta 9,-0.113,-2.109,-3.652,0.0374968,1.0,Down
8114733,ARAP3,"ArfGAP with RhoGAP domain, ankyrin repeat and PH domain 3",0.1052,2.109,-3.652,0.0375036,1.0,Up
8127692,HTR1B,5-hydroxytryptamine receptor 1B,0.1119,2.108,-3.652,0.0375327,1.0,Up
7974425,SAMD4A,sterile alpha motif domain containing 4A,-0.0815,-2.108,-3.652,0.0375395,1.0,Down
7950810,SYTL2,synaptotagmin like 2,-0.1286,-2.107,-3.655,0.0376865,1.0,Down
7996430,HSF4,heat shock transcription factor 4,0.0771,2.106,-3.656,0.0377586,1.0,Up
8107992,SOWAHA,sosondowah ankyrin repeat domain family member A,0.0758,2.106,-3.657,0.0377826,1.0,Up
8035435,KIAA1683,KIAA1683,0.0845,2.104,-3.659,0.0379044,1.0,Up
8081758,GRAMD1C,GRAM domain containing 1C,0.1849,2.103,-3.661,0.0380354,1.0,Up
7919051,ZNF697,zinc finger protein 697,0.0895,2.102,-3.663,0.0381239,1.0,Up
8036584,LGALS7B///LGALS7,galectin 7B///galectin 7,0.1022,2.101,-3.664,0.038194,1.0,Up
8010562,BAIAP2,BAI1 associated protein 2,0.0745,2.1,-3.666,0.0383171,1.0,Up
8071332,RANBP1,RAN binding protein 1,-0.0897,-2.1,-3.666,0.0383195,1.0,Down
8032839,SEMA6B,semaphorin 6B,0.0745,2.099,-3.667,0.0383466,1.0,Up
8174297,TEX13A,testis expressed 13A,0.0874,2.099,-3.667,0.0383677,1.0,Up
8129562,CTGF,connective tissue growth factor,0.0751,2.099,-3.668,0.0383796,1.0,Up
8068083,MAP3K7CL,MAP3K7 C-terminal like,0.1128,2.098,-3.669,0.038439,1.0,Up
7989094,NEDD4,"neural precursor cell expressed, developmentally down-regulated 4, E3 ubiquitin protein ligase",-0.0982,-2.098,-3.669,0.0384411,1.0,Down
7906400,IFI16,interferon gamma inducible protein 16,-0.0943,-2.096,-3.673,0.0386843,1.0,Down
7998190,RGS11,regulator of G-protein signaling 11,0.0724,2.095,-3.674,0.0387362,1.0,Up
7963545,KRT79,keratin 79,0.1065,2.094,-3.675,0.0388155,1.0,Up
8070953,SPATC1L,spermatogenesis and centriole associated 1-like,0.0766,2.09,-3.681,0.0391465,1.0,Up
8053030,NAT8B,"N-acetyltransferase 8B (putative, gene/pseudogene)",0.1028,2.089,-3.683,0.0392352,1.0,Up
8055941,RPRM,"reprimo, TP53 dependent G2 arrest mediator candidate",0.1212,2.089,-3.683,0.0392587,1.0,Up
8019559,B3GNTL1,"UDP-GlcNAc:betaGal beta-1,3-N-acetylglucosaminyltransferase-like 1",0.0972,2.087,-3.686,0.0394519,1.0,Up
8010454,RNF213,ring finger protein 213,-0.1617,-2.087,-3.687,0.0394841,1.0,Down
8041447,CRIM1,cysteine rich transmembrane BMP regulator 1,-0.0713,-2.083,-3.693,0.0398172,1.0,Down
7900157,RPS27///RPS27,ribosomal protein S27///ribosomal protein S27,0.0994,2.081,-3.696,0.0399803,1.0,Up
7901802,MGC34796,"sepiapterin reductase (7,8-dihydrobiopterin:NADP+ oxidoreductase) pseudogene",0.1281,2.081,-3.696,0.0400237,1.0,Up
8144995,FGF17,fibroblast growth factor 17,0.1022,2.081,-3.697,0.0400378,1.0,Up
7899528,OPRD1,opioid receptor delta 1,0.1044,2.08,-3.698,0.0401133,1.0,Up
8179331,C2,complement component 2,-0.1391,-2.079,-3.699,0.0401667,1.0,Down
8178095,C2,complement component 2,-0.1391,-2.079,-3.699,0.0401667,1.0,Down
7955869,HOXC8,homeobox C8,0.0886,2.079,-3.699,0.0401712,1.0,Up
7937404,LOC692247,uncharacterized LOC692247,0.0829,2.078,-3.701,0.0402701,1.0,Up
8046573,MTX2,metaxin 2,-0.1298,-2.074,-3.707,0.0406641,1.0,Down
8103853,LOC90768,uncharacterized LOC90768,0.0968,2.072,-3.71,0.0408271,1.0,Up
8139460,NACAD,NAC alpha domain containing,0.0882,2.068,-3.717,0.0412633,1.0,Up
7953264,KCNA6,potassium voltage-gated channel subfamily A member 6,0.0897,2.068,-3.718,0.041275,1.0,Up
8142345,DOCK4,dedicator of cytokinesis 4,-0.1744,-2.068,-3.718,0.0412811,1.0,Down
7940005,P2RX3,purinergic receptor P2X 3,0.086,2.068,-3.718,0.0412855,1.0,Up
8010313,ENPP7,ectonucleotide pyrophosphatase/phosphodiesterase 7,0.0871,2.067,-3.718,0.0413093,1.0,Up
8031441,BRSK1,BR serine/threonine kinase 1,0.0758,2.065,-3.722,0.0415179,1.0,Up
8073072,APOBEC3D,apolipoprotein B mRNA editing enzyme catalytic subunit 3D,-0.1049,-2.065,-3.722,0.0415731,1.0,Down
8097553,IL15,interleukin 15,-0.1145,-2.064,-3.723,0.0416291,1.0,Down
7969288,OLFM4,olfactomedin 4,-0.3516,-2.064,-3.723,0.041634,1.0,Down
8116031,PFN3,profilin 3,0.0829,2.064,-3.724,0.0416397,1.0,Up
8061539,LINC00028,long intergenic non-protein coding RNA 28,0.1004,2.063,-3.724,0.041694,1.0,Up
7903777,GSTM5,glutathione S-transferase mu 5,0.1448,2.063,-3.726,0.0417776,1.0,Up
8005435,MIEF2,mitochondrial elongation factor 2,0.0678,2.061,-3.729,0.0419722,1.0,Up
7974793,SIX6,SIX homeobox 6,0.0761,2.06,-3.729,0.041985,1.0,Up
8037482,CEACAM20,carcinoembryonic antigen related cell adhesion molecule 20,0.0969,2.06,-3.73,0.0420327,1.0,Up
7923489,KLHL12,kelch like family member 12,-0.1039,-2.059,-3.731,0.0420847,1.0,Down
8051668,LOC375196,uncharacterized LOC375196,0.0771,2.058,-3.733,0.0422165,1.0,Up
8016311,WNT3,Wnt family member 3,0.0989,2.057,-3.734,0.0422877,1.0,Up
7908637,GPR25,G protein-coupled receptor 25,0.0691,2.057,-3.734,0.042293,1.0,Up
8022817,KLHL14,kelch like family member 14,0.0997,2.056,-3.736,0.0424173,1.0,Up
8001337,ZNF423,zinc finger protein 423,0.0843,2.055,-3.737,0.0424788,1.0,Up
7996498,SLC9A5,solute carrier family 9 member A5,0.0777,2.055,-3.737,0.0424905,1.0,Up
7997072,FUK,fucokinase,0.0667,2.054,-3.74,0.0426673,1.0,Up
7903355,GPR88,G protein-coupled receptor 88,0.086,2.052,-3.743,0.0428179,1.0,Up
7929065,IFIT1,interferon induced protein with tetratricopeptide repeats 1,-0.4291,-2.052,-3.743,0.042846,1.0,Down
8072735,APOL1,apolipoprotein L1,-0.1743,-2.051,-3.744,0.0428845,1.0,Down
8103834,AGA,aspartylglucosaminidase,-0.1475,-2.047,-3.75,0.0432685,1.0,Down
8072226,RFPL1,ret finger protein like 1,0.1043,2.047,-3.751,0.0433364,1.0,Up
8131803,IL6,interleukin 6,0.0879,2.043,-3.757,0.0437278,1.0,Up
7930872,NANOS1,nanos C2HC-type zinc finger 1,0.0837,2.042,-3.759,0.0438234,1.0,Up
8031029,MIR520C///MIR520B,microRNA 520c///microRNA 520b,0.1131,2.042,-3.759,0.0438496,1.0,Up
8042251,OTX1,orthodenticle homeobox 1,0.112,2.041,-3.76,0.0439251,1.0,Up
7905308,BNIPL,BCL2 interacting protein like,0.0729,2.041,-3.761,0.0439524,1.0,Up
7960865,SLC2A3,solute carrier family 2 member 3,-0.1116,-2.04,-3.762,0.0440336,1.0,Down
7991332,MESP1,mesoderm posterior bHLH transcription factor 1,0.0829,2.039,-3.764,0.0441648,1.0,Up
8101086,NAAA,N-acylethanolamine acid amidase,-0.1504,-2.038,-3.765,0.0442172,1.0,Down
8073578,SMDT1,single-pass membrane protein with aspartate rich tail 1,0.1398,2.036,-3.768,0.0444163,1.0,Up
8027205,NDUFA13,NADH:ubiquinone oxidoreductase subunit A13,-0.0655,-2.031,-3.776,0.0449434,1.0,Down
8084397,ECE2,endothelin converting enzyme 2,0.0647,2.03,-3.777,0.0450115,1.0,Up
8015511,DHX58,DEXH-box helicase 58,-0.147,-2.03,-3.778,0.0450649,1.0,Down
8074617,SCARF2,scavenger receptor class F member 2,0.0754,2.029,-3.78,0.0451914,1.0,Up
8143327,PARP12,poly(ADP-ribose) polymerase family member 12,-0.1594,-2.028,-3.781,0.0452698,1.0,Down
8073207,FAM83F,family with sequence similarity 83 member F,0.0894,2.027,-3.782,0.0453528,1.0,Up
8079407,CCRL2///CCRL2,C-C motif chemokine receptor like 2///C-C motif chemokine receptor like 2,-0.1652,-2.026,-3.784,0.0454952,1.0,Down
8131195,AMZ1,archaelysin family metallopeptidase 1,0.0786,2.025,-3.785,0.0455588,1.0,Up
8103867,WWC2-AS2,WWC2 antisense RNA 2,0.0759,2.021,-3.791,0.045947,1.0,Up
8007895,WNT9B,Wnt family member 9B,0.0884,2.021,-3.791,0.0459847,1.0,Up
8143949,CRYGN,crystallin gamma N,0.0975,2.02,-3.793,0.0460975,1.0,Up
8011430,ITGAE,integrin subunit alpha E,0.0553,2.02,-3.793,0.0461041,1.0,Up
8024995,NRTN///NRTN,neurturin///neurturin,0.068,2.019,-3.795,0.0462476,1.0,Up
8034555,RTBDN,retbindin,0.0906,2.018,-3.796,0.0462989,1.0,Up
7941761,RHOD,ras homolog family member D,0.0791,2.018,-3.797,0.0463501,1.0,Up
8087883,MIR135A1,microRNA 135a-1,0.0797,2.016,-3.799,0.0464741,1.0,Up
8043782,CNGA3,cyclic nucleotide gated channel alpha 3,0.0721,2.016,-3.799,0.0464757,1.0,Up
8082465,EFCC1,EF-hand and coiled-coil domain containing 1,0.0936,2.014,-3.803,0.0467436,1.0,Up
8125436,HLA-DRB5,"major histocompatibility complex, class II, DR beta 5",-0.266,-2.013,-3.804,0.0468175,1.0,Down
7929047,IFIT2,interferon induced protein with tetratricopeptide repeats 2,-0.2364,-2.013,-3.805,0.0468771,1.0,Down
8068583,KCNJ15,potassium voltage-gated channel subfamily J member 15,-0.1801,-2.009,-3.81,0.0472724,1.0,Down
8016018,SLC25A39,solute carrier family 25 member 39,0.2,2.009,-3.811,0.0473077,1.0,Up
7916727,ITGB3BP,integrin subunit beta 3 binding protein,0.103,2.008,-3.811,0.0473326,1.0,Up
7933772,ANK3,"ankyrin 3, node of Ranvier (ankyrin G)",-0.1255,-2.005,-3.816,0.0476612,1.0,Down
8031646,ZNF667-AS1,ZNF667 antisense RNA 1 (head to head),0.192,2.005,-3.817,0.0477102,1.0,Up
7939120,RCN1,reticulocalbin 1,-0.1135,-2.004,-3.817,0.0477626,1.0,Down
8026712,ANKLE1,ankyrin repeat and LEM domain containing 1,0.0751,2.004,-3.817,0.0477662,1.0,Up
8030677,MYBPC2,"myosin binding protein C, fast type",0.0827,2.004,-3.818,0.0478109,1.0,Up
8064716,SIGLEC1,sialic acid binding Ig like lectin 1,-0.1287,-2.004,-3.818,0.0478214,1.0,Down
8052626,VPS54,"VPS54, GARP complex subunit",-0.0992,-2.003,-3.82,0.0479672,1.0,Down
7983650,SLC27A2,solute carrier family 27 member 2,-0.1195,-2.002,-3.821,0.0480226,1.0,Down
8172369,ZNF182,zinc finger protein 182,-0.0726,-2.001,-3.823,0.0481923,1.0,Down
8102789,TERF1,telomeric repeat binding factor 1,-0.1181,-2.0,-3.824,0.0482012,1.0,Down
8132843,HAUS6,HAUS augmin like complex subunit 6,-0.1729,-1.999,-3.826,0.0483651,1.0,Down
7988537,CEP152,centrosomal protein 152,-0.081,-1.998,-3.827,0.048454,1.0,Down
7899101,CNKSR1,connector enhancer of kinase suppressor of Ras 1,0.0707,1.998,-3.828,0.0485075,1.0,Up
7971335,CCDC122,coiled-coil domain containing 122,-0.0925,-1.997,-3.829,0.0485918,1.0,Down
8161587,CBWD6///CBWD3///CBWD5///CBWD2///CBWD1///CBWD6///CBWD3///CBWD5///CBWD1,COBW domain containing 6///COBW domain containing 3///COBW domain containing 5///COBW domain containing 2///COBW domain containing 1///COBW domain containing 6///COBW domain containing 3///COBW domain containing 5///COBW domain containing 1,-0.0808,-1.996,-3.831,0.0487117,1.0,Down
8144505,CLDN23,claudin 23,0.0715,1.995,-3.832,0.0488157,1.0,Up
8092654,RPL39L,ribosomal protein L39 like,-0.0915,-1.994,-3.833,0.0488749,1.0,Down
7958692,TCTN1,tectonic family member 1,0.0959,1.994,-3.833,0.0488889,1.0,Up
8033635,ADAMTS10,ADAM metallopeptidase with thrombospondin type 1 motif 10,0.0693,1.994,-3.834,0.0489561,1.0,Up
8075695,APOL3,apolipoprotein L3,-0.1459,-1.993,-3.835,0.0490328,1.0,Down
7902913,CDC7,cell division cycle 7,-0.1012,-1.991,-3.838,0.049226,1.0,Down
7902267,PIN1P1,"peptidylprolyl cis/trans isomerase, NIMA-interacting 1 pseudogene 1",0.0578,1.99,-3.839,0.0493177,1.0,Up
8039477,FAM71E2,family with sequence similarity 71 member E2,0.087,1.99,-3.84,0.0493528,1.0,Up
8071357,LOC440792,proline dehydrogenase 1 pseudogene,0.0925,1.989,-3.841,0.0494387,1.0,Up
7964592,MIR26A2,microRNA 26a-2,0.0913,1.988,-3.842,0.0495327,1.0,Up
8005501,TVP23C-CDRT4///TVP23C///TVP23B,TVP23C-CDRT4 readthrough///trans-golgi network vesicle protein 23 homolog C (S. cerevisiae)///trans-golgi network vesicle protein 23 homolog B (S. cerevisiae),-0.068,-1.988,-3.843,0.0495673,1.0,Down
8071382,ZNF74,zinc finger protein 74,0.054,1.988,-3.843,0.0496294,1.0,Up
8037205,CEACAM1,carcinoembryonic antigen related cell adhesion molecule 1,-0.2372,-1.987,-3.844,0.0496574,1.0,Down
8124553,ZKSCAN4,zinc finger with KRAB and SCAN domains 4,-0.0943,-1.987,-3.844,0.0496712,1.0,Down
8009585,DNAI2,dynein axonemal intermediate chain 2,0.0679,1.986,-3.846,0.0498393,1.0,Up
7911506,DVL1,dishevelled segment polarity protein 1,0.0528,1.985,-3.847,0.0499286,1.0,Up
7968883,LACC1,laccase domain containing 1,-0.0979,-1.985,-3.848,0.0499468,1.0,Down
8096411,TIGD2,tigger transposable element derived 2,-0.0947,-1.984,-3.849,0.0500125,1.0,Down
7901293,CYP4A22,cytochrome P450 family 4 subfamily A member 22,0.1211,1.984,-3.849,0.0500586,1.0,Up
7977965,SLC22A17,solute carrier family 22 member 17,0.0771,1.982,-3.851,0.0502135,1.0,Up
8025470,OR7D2,olfactory receptor family 7 subfamily D member 2,-0.0965,-1.981,-3.853,0.0503234,1.0,Down
7897154,ARHGEF16,Rho guanine nucleotide exchange factor 16,0.0688,1.981,-3.854,0.050376,1.0,Up
7901613,ACOT11,acyl-CoA thioesterase 11,0.0735,1.981,-3.854,0.0503923,1.0,Up
8147079,LRRCC1,leucine rich repeat and coiled-coil centrosomal protein 1,-0.1213,-1.978,-3.858,0.0507093,1.0,Down
7985080,ISL2,ISL LIM homeobox 2,0.0889,1.977,-3.859,0.0508019,1.0,Up
7918857,TSPAN2,tetraspanin 2,0.1631,1.977,-3.86,0.0508246,1.0,Up
8067680,HELZ2,helicase with zinc finger 2,-0.0645,-1.977,-3.86,0.0508513,1.0,Down
8060988,BTBD3,BTB domain containing 3,-0.0797,-1.976,-3.861,0.0509477,1.0,Down
8133202,TYW1,tRNA-yW synthesizing protein 1 homolog,-0.1544,-1.975,-3.863,0.0510805,1.0,Down
7905691,ZNF320///RPS27///RGS4///RPS27,zinc finger protein 320///ribosomal protein S27///regulator of G-protein signaling 4///ribosomal protein S27,0.092,1.975,-3.863,0.0511109,1.0,Up
8062123,MMP24,matrix metallopeptidase 24,0.0714,1.974,-3.864,0.0511332,1.0,Up
7963770,GPR84,G protein-coupled receptor 84,-0.1173,-1.974,-3.864,0.0511725,1.0,Down
8107977,IL4,interleukin 4,-0.0516,-1.974,-3.865,0.051204,1.0,Down
8038246,TULP2,tubby like protein 2,0.0754,1.974,-3.865,0.0512256,1.0,Up
7995088,TRIM72,tripartite motif containing 72,0.0715,1.973,-3.865,0.0512489,1.0,Up
8058695,BARD1,BRCA1 associated RING domain 1,-0.0921,-1.973,-3.865,0.05127,1.0,Down
7947815,ACP2,"acid phosphatase 2, lysosomal",-0.1502,-1.973,-3.866,0.0512769,1.0,Down
8151935,RPL30///RPL30,ribosomal protein L30///ribosomal protein L30,0.0581,1.972,-3.867,0.0513528,1.0,Up
7953243,NDUFA9,NADH:ubiquinone oxidoreductase subunit A9,-0.1171,-1.971,-3.868,0.0514818,1.0,Down
8030002,ZNF114,zinc finger protein 114,0.0892,1.971,-3.868,0.0514926,1.0,Up
8027574,CHST8,carbohydrate sulfotransferase 8,0.0746,1.971,-3.869,0.0515263,1.0,Up
8019939,TGIF1,TGFB induced factor homeobox 1,0.0536,1.97,-3.87,0.0516058,1.0,Up
8065327,NKX2-4,NK2 homeobox 4,0.0824,1.97,-3.87,0.0516063,1.0,Up
8036702,IFNL3,interferon lambda 3,0.1113,1.97,-3.871,0.0516638,1.0,Up
8131869,RPS2P32,ribosomal protein S2 pseudogene 32,0.0491,1.969,-3.872,0.0517476,1.0,Up
8151413,TCEB1,transcription elongation factor B subunit 1,0.0763,1.968,-3.873,0.0518525,1.0,Up
8094032,SH3TC1,SH3 domain and tetratricopeptide repeats 1,0.0605,1.967,-3.874,0.0519332,1.0,Up
7949033,MACROD1,MACRO domain containing 1,0.0663,1.967,-3.874,0.0519503,1.0,Up
8172905,HSD17B10,hydroxysteroid 17-beta dehydrogenase 10,-0.0793,-1.967,-3.874,0.0519576,1.0,Down
7958828,TRAFD1,TRAF-type zinc finger domain containing 1,-0.1323,-1.967,-3.875,0.051963,1.0,Down
7960744,C1R,complement C1r subcomponent,0.0671,1.967,-3.875,0.0520129,1.0,Up
7935528,SFRP5,secreted frizzled related protein 5,0.0786,1.966,-3.877,0.0521173,1.0,Up
8039389,PTPRH,"protein tyrosine phosphatase, receptor type H",0.1024,1.965,-3.878,0.0522293,1.0,Up
7934789,GRID1,glutamate ionotropic receptor delta type subunit 1,0.0694,1.964,-3.879,0.0523262,1.0,Up
8053330,REG1B,regenerating family member 1 beta,0.1267,1.964,-3.88,0.052355,1.0,Up
7946354,LMO1,LIM domain only 1,0.0752,1.963,-3.881,0.0524565,1.0,Up
8036473,PPP1R14A,protein phosphatase 1 regulatory inhibitor subunit 14A,0.0776,1.962,-3.882,0.0525716,1.0,Up
7991846,DECR2,"2,4-dienoyl-CoA reductase 2, peroxisomal",0.0642,1.962,-3.883,0.0525872,1.0,Up
7914015,FAM46B,family with sequence similarity 46 member B,0.0756,1.962,-3.883,0.0526252,1.0,Up
8141737,MYL10,myosin light chain 10,0.0811,1.961,-3.884,0.052654,1.0,Up
8026830,FCHO1,FCH domain only 1,0.0887,1.96,-3.885,0.0527993,1.0,Up
7985898,WDR93,WD repeat domain 93,0.104,1.96,-3.886,0.0528449,1.0,Up
8137414,NUB1,negative regulator of ubiquitin like proteins 1,-0.1148,-1.958,-3.889,0.0530971,1.0,Down
8051762,SLC8A1,solute carrier family 8 member A1,0.1116,1.957,-3.89,0.0531917,1.0,Up
8156982,SMC2,structural maintenance of chromosomes 2,-0.1152,-1.954,-3.894,0.0535072,1.0,Down
8000903,ZNF747,zinc finger protein 747,0.0702,1.952,-3.898,0.0537729,1.0,Up
8070730,DNMT3L,DNA methyltransferase 3 like,0.0808,1.952,-3.898,0.053781,1.0,Up
8159667,TOR4A,torsin family 4 member A,-0.0618,-1.951,-3.899,0.0538373,1.0,Down
7897280,HES3,hes family bHLH transcription factor 3,0.0805,1.951,-3.899,0.0538779,1.0,Up
8158939,GFI1B,growth factor independent 1B transcriptional repressor,0.0736,1.949,-3.902,0.0540842,1.0,Up
7963157,RACGAP1,Rac GTPase activating protein 1,-0.0677,-1.949,-3.902,0.0541169,1.0,Down
7967193,MORN3,MORN repeat containing 3,0.0715,1.949,-3.902,0.0541222,1.0,Up
8073582,OGFRP1,opioid growth factor receptor pseudogene 1,0.0715,1.949,-3.903,0.0541835,1.0,Up
7978754,C11orf58,chromosome 11 open reading frame 58,-0.0794,-1.947,-3.905,0.0543343,1.0,Down
7900878,ARTN,artemin,0.0727,1.947,-3.905,0.0543867,1.0,Up
8148198,WDYHV1,WDYHV motif containing 1,-0.0904,-1.947,-3.906,0.0543968,1.0,Down
7911376,HES4,hes family bHLH transcription factor 4,0.0638,1.946,-3.906,0.0544565,1.0,Up
8015396,HAP1,huntingtin associated protein 1,0.0829,1.946,-3.907,0.0545211,1.0,Up
8143863,FASTK,Fas activated serine/threonine kinase,0.065,1.946,-3.907,0.0545435,1.0,Up
8142497,CTTNBP2,cortactin binding protein 2,0.1417,1.946,-3.907,0.0545473,1.0,Up
8096744,CYP2U1,cytochrome P450 family 2 subfamily U member 1,-0.0758,-1.945,-3.909,0.0546805,1.0,Down
8027564,CEBPA-AS1,CEBPA antisense RNA 1 (head to head),0.0829,1.944,-3.91,0.0547255,1.0,Up
8071489,P2RX6,purinergic receptor P2X 6,0.0938,1.943,-3.911,0.054823,1.0,Up
8062064,MYH7B,myosin heavy chain 7B,0.0718,1.942,-3.913,0.0549656,1.0,Up
8174968,DCAF12L2,DDB1 and CUL4 associated factor 12 like 2,0.094,1.942,-3.913,0.0549735,1.0,Up
8054338,CREG2,cellular repressor of E1A stimulated genes 2,0.0817,1.942,-3.913,0.0549787,1.0,Up
8106633,MSH3,mutS homolog 3,-0.1077,-1.941,-3.914,0.0550739,1.0,Down
7997247,ZNRF1,"zinc and ring finger 1, E3 ubiquitin protein ligase",0.0633,1.941,-3.915,0.0551614,1.0,Up
8149774,LOXL2,lysyl oxidase like 2,0.0645,1.94,-3.915,0.0551994,1.0,Up
7923386,LMOD1,leiomodin 1,0.1068,1.939,-3.917,0.0553492,1.0,Up
8019751,RBFOX3,"RNA binding protein, fox-1 homolog 3",0.1153,1.938,-3.918,0.0554248,1.0,Up
8174675,SLC25A5-AS1,SLC25A5 antisense RNA 1,0.0665,1.938,-3.919,0.0555114,1.0,Up
8023948,TPGS1,tubulin polyglutamylase complex subunit 1,0.0631,1.937,-3.92,0.0555798,1.0,Up
8003145,LOC654780,splicing factor proline/glutamine-rich,0.1093,1.937,-3.92,0.0555877,1.0,Up
7992789,TNFRSF12A,TNF receptor superfamily member 12A,0.0647,1.936,-3.921,0.0556689,1.0,Up
8060839,CRLS1,cardiolipin synthase 1,0.0777,1.936,-3.922,0.0557249,1.0,Up
8085754,SGO1,shugoshin 1,-0.0909,-1.936,-3.922,0.055732,1.0,Down
8014369,CCL3,C-C motif chemokine ligand 3,0.0935,1.936,-3.922,0.0557564,1.0,Up
7964665,DPY19L2,dpy-19 like 2,0.1186,1.936,-3.922,0.0557668,1.0,Up
8063000,WFDC2,WAP four-disulfide core domain 2,0.0842,1.936,-3.923,0.0557853,1.0,Up
8073822,MIRLET7A3///MIRLET7BHG,microRNA let-7a-3///MIRLET7B host gene,0.0924,1.935,-3.923,0.055829,1.0,Up
7923438,ZNF320///RPS27///RGS4///RPS27,zinc finger protein 320///ribosomal protein S27///regulator of G-protein signaling 4///ribosomal protein S27,0.0905,1.935,-3.924,0.0558761,1.0,Up
8117343,HFE,hemochromatosis,-0.0697,-1.935,-3.924,0.0558808,1.0,Down
8138977,DPY19L1,dpy-19 like 1,-0.1126,-1.934,-3.925,0.0559552,1.0,Down
8153762,SLC39A4,solute carrier family 39 member 4,0.0632,1.934,-3.925,0.0560221,1.0,Up
8030980,ZNF761///ZNF525///ZNF845///ZNF765,zinc finger protein 761///zinc finger protein 525///zinc finger protein 845///zinc finger protein 765,0.0915,1.933,-3.926,0.0560762,1.0,Up
8003503,FANCA,Fanconi anemia complementation group A,-0.0651,-1.933,-3.926,0.0560885,1.0,Down
8168362,FLJ44635,TPT1-like protein,0.0765,1.93,-3.931,0.0564818,1.0,Up
7950864,ME3,malic enzyme 3,0.0558,1.93,-3.932,0.0565305,1.0,Up
7937016,CLRN3,clarin 3,0.0849,1.928,-3.933,0.0566725,1.0,Up
8028613,IFNL1,interferon lambda 1,0.0732,1.928,-3.933,0.0566901,1.0,Up
8002891,CHST5,carbohydrate sulfotransferase 5,0.1045,1.927,-3.935,0.0568099,1.0,Up
8039698,ZNF418,zinc finger protein 418,0.0845,1.927,-3.935,0.0568385,1.0,Up
7967107,HNF1A-AS1,HNF1A antisense RNA 1,0.1304,1.927,-3.936,0.0569146,1.0,Up
8140971,SAMD9L,sterile alpha motif domain containing 9 like,-0.1724,-1.926,-3.937,0.0569932,1.0,Down
8113658,LOC100132014,uncharacterized LOC100132014,0.0867,1.926,-3.937,0.056998,1.0,Up
7991772,HBQ1,hemoglobin subunit theta 1,0.0713,1.925,-3.939,0.0571291,1.0,Up
7976755,SLC25A47,solute carrier family 25 member 47,0.0844,1.925,-3.939,0.0571499,1.0,Up
8135638,ST7,suppression of tumorigenicity 7,-0.0696,-1.924,-3.94,0.0572305,1.0,Down
7913385,RAP1GAP,RAP1 GTPase activating protein,0.0612,1.922,-3.942,0.0574483,1.0,Up
7904717,HFE2,hemochromatosis type 2 (juvenile),0.0721,1.922,-3.943,0.0575158,1.0,Up
8148501,PTP4A3,"protein tyrosine phosphatase type IVA, member 3",0.1179,1.921,-3.945,0.0576439,1.0,Up
8039353,TNNI3,"troponin I3, cardiac type",0.0765,1.92,-3.946,0.0577882,1.0,Up
7997533,OSGIN1,oxidative stress induced growth inhibitor 1,0.0729,1.919,-3.947,0.0578278,1.0,Up
8028546,LGALS7B///LGALS7,galectin 7B///galectin 7,0.0891,1.918,-3.948,0.0579402,1.0,Up
7950751,SNORA70E,"small nucleolar RNA, H/ACA box 70E",0.1044,1.918,-3.949,0.0580081,1.0,Up
8159554,UAP1L1,UDP-N-acetylglucosamine pyrophosphorylase 1 like 1,0.07,1.918,-3.949,0.0580244,1.0,Up
8027860,FFAR3,free fatty acid receptor 3,-0.1044,-1.916,-3.952,0.0582754,1.0,Down
8081799,TIGIT,T-cell immunoreceptor with Ig and ITIM domains,-0.1239,-1.915,-3.953,0.058377,1.0,Down
7944869,SPA17,sperm autoantigenic protein 17,-0.1155,-1.914,-3.954,0.0584709,1.0,Down
7973813,AP4S1,adaptor related protein complex 4 sigma 1 subunit,0.0875,1.914,-3.954,0.058474,1.0,Up
7981960,SNORD116-6,"small nucleolar RNA, C/D box 116-6",0.1877,1.913,-3.957,0.0586707,1.0,Up
8167099,INE1,inactivation escape 1 (non-protein coding),0.0686,1.913,-3.957,0.0586996,1.0,Up
7912854,ESPNP,espin pseudogene,0.1172,1.912,-3.958,0.0588265,1.0,Up
8055697,RBM43,RNA binding motif protein 43,-0.0928,-1.911,-3.96,0.0589258,1.0,Down
7972745,IRS2,insulin receptor substrate 2,0.0947,1.911,-3.96,0.0589636,1.0,Up
8135734,CPED1,cadherin like and PC-esterase domain containing 1,-0.1012,-1.91,-3.961,0.0590386,1.0,Down
7976443,IFI27,interferon alpha inducible protein 27,-0.0994,-1.909,-3.962,0.0591096,1.0,Down
8044109,POU3F3,POU class 3 homeobox 3,0.0666,1.908,-3.963,0.0592465,1.0,Up
8040690,C2orf70,chromosome 2 open reading frame 70,0.0731,1.906,-3.967,0.0595739,1.0,Up
8072360,TCN2,transcobalamin 2,-0.1537,-1.906,-3.967,0.0595887,1.0,Down
8159373,FAM69B,family with sequence similarity 69 member B,0.0648,1.906,-3.967,0.0596154,1.0,Up
7995206,TGFB1I1,transforming growth factor beta 1 induced transcript 1,0.0616,1.904,-3.969,0.0597716,1.0,Up
7934026,DNA2,DNA replication helicase/nuclease 2,-0.0909,-1.904,-3.97,0.0598173,1.0,Down
7998405,SSTR5-AS1,SSTR5 antisense RNA 1,0.1152,1.901,-3.975,0.0602731,1.0,Up
8161824,C9orf40,chromosome 9 open reading frame 40,0.058,1.9,-3.975,0.0603026,1.0,Up
8140144,WBSCR27,Williams Beuren syndrome chromosome region 27,0.063,1.899,-3.976,0.0604238,1.0,Up
8094501,STIM2,stromal interaction molecule 2,-0.0871,-1.899,-3.977,0.0604547,1.0,Down
8119689,PTK7,protein tyrosine kinase 7 (inactive),0.082,1.899,-3.977,0.0604651,1.0,Up
8060660,HSPA12B,heat shock protein family A (Hsp70) member 12B,0.0659,1.898,-3.978,0.0605571,1.0,Up
8035069,PGLYRP2,peptidoglycan recognition protein 2,0.0762,1.898,-3.978,0.0605916,1.0,Up
8031526,CCDC106,coiled-coil domain containing 106,0.0549,1.898,-3.979,0.0606689,1.0,Up
8146092,IDO1,"indoleamine 2,3-dioxygenase 1",-0.2565,-1.897,-3.98,0.0607716,1.0,Down
8140556,HGF,hepatocyte growth factor,-0.0934,-1.896,-3.981,0.0608534,1.0,Down
7966746,HRK,"harakiri, BCL2 interacting protein",0.0853,1.896,-3.982,0.0608923,1.0,Up
8033433,CLEC4G,C-type lectin domain family 4 member G,0.07,1.896,-3.982,0.0609042,1.0,Up
7980861,CATSPERB,cation channel sperm associated auxiliary subunit beta,-0.1055,-1.895,-3.983,0.0609936,1.0,Down
8003125,TAF1C,"TATA-box binding protein associated factor, RNA polymerase I subunit C",0.059,1.894,-3.984,0.061115,1.0,Up
8072170,KREMEN1,kringle containing transmembrane protein 1,-0.175,-1.894,-3.985,0.0612082,1.0,Down
8103932,CENPU,centromere protein U,-0.115,-1.893,-3.985,0.0612286,1.0,Down
8022170,RPL6P27///RPL6,ribosomal protein L6 pseudogene 27///ribosomal protein L6,0.069,1.893,-3.987,0.0613459,1.0,Up
7921462,VSIG8,V-set and immunoglobulin domain containing 8,0.0835,1.892,-3.987,0.0613687,1.0,Up
8016033,FAM171A2,family with sequence similarity 171 member A2,0.0739,1.891,-3.988,0.0615006,1.0,Up
8171161,ARSE,arylsulfatase E (chondrodysplasia punctata 1),0.0928,1.891,-3.99,0.0616199,1.0,Up
7998843,PRSS27,"protease, serine 27",0.0816,1.89,-3.99,0.0616299,1.0,Up
7951593,COLCA1,colorectal cancer associated 1,0.0856,1.89,-3.99,0.0616992,1.0,Up
8133938,CROT,carnitine O-octanoyltransferase,-0.0879,-1.888,-3.993,0.0619123,1.0,Down
7963438,KRT71,keratin 71,0.0834,1.888,-3.994,0.0620174,1.0,Up
8144982,NPM2,nucleophosmin/nucleoplasmin 2,0.0849,1.887,-3.994,0.0620666,1.0,Up
7963304,CELA1,chymotrypsin like elastase family member 1,0.0801,1.887,-3.995,0.0621544,1.0,Up
8133258,WBSCR17,Williams-Beuren syndrome chromosome region 17,0.0835,1.887,-3.995,0.0621648,1.0,Up
7934553,ZNF503,zinc finger protein 503,0.06,1.886,-3.996,0.0622605,1.0,Up
8142945,TSGA13///COPG2,testis specific 13///coatomer protein complex subunit gamma 2,-0.0541,-1.884,-3.999,0.0625173,1.0,Down
8167476,PPP1R3F,protein phosphatase 1 regulatory subunit 3F,0.0575,1.884,-4.0,0.0625729,1.0,Up
7997765,ZNF469,zinc finger protein 469,0.09,1.883,-4.0,0.0626202,1.0,Up
8062339,TLDC2,TBC/LysM-associated domain containing 2,0.0765,1.883,-4.001,0.0626691,1.0,Up
7956426,INHBE,inhibin beta E subunit,0.0866,1.881,-4.004,0.0629236,1.0,Up
8117435,BTN3A2,butyrophilin subfamily 3 member A2,-0.1406,-1.88,-4.005,0.0630153,1.0,Down
8112285,ERCC8,"ERCC excision repair 8, CSA ubiquitin ligase complex subunit",-0.0724,-1.879,-4.006,0.0631886,1.0,Down
7975976,AHSA1,activator of Hsp90 ATPase activity 1,-0.0886,-1.879,-4.007,0.0632062,1.0,Down
7986359,IGF1R,insulin like growth factor 1 receptor,0.1469,1.878,-4.008,0.0633111,1.0,Up
8014233,SLFN11,schlafen family member 11,-0.1522,-1.878,-4.008,0.0633835,1.0,Down
8034694,MIR24-2,microRNA 24-2,0.2132,1.877,-4.009,0.0634018,1.0,Up
8142324,THAP5,THAP domain containing 5,0.1046,1.875,-4.012,0.0636824,1.0,Up
8112649,FAM169A,family with sequence similarity 169 member A,-0.1025,-1.874,-4.014,0.0639165,1.0,Down
7937612,MUC5B,"mucin 5B, oligomeric mucus/gel-forming",0.0694,1.873,-4.015,0.0640261,1.0,Up
8077099,SCO2,SCO2 cytochrome c oxidase assembly protein,-0.0751,-1.871,-4.018,0.0642462,1.0,Down
8164937,FAM163B,family with sequence similarity 163 member B,0.0662,1.87,-4.02,0.0644663,1.0,Up
7904853,GPR89A///GPR89B,G protein-coupled receptor 89A///G protein-coupled receptor 89B,-0.1106,-1.87,-4.02,0.0644768,1.0,Down
8110158,ARL10,ADP ribosylation factor like GTPase 10,0.0577,1.87,-4.02,0.0644981,1.0,Up
8016858,COIL,coilin,-0.1004,-1.87,-4.02,0.0645086,1.0,Down
8092596,DGKG,diacylglycerol kinase gamma,0.0839,1.869,-4.021,0.0645901,1.0,Up
8043349,ANAPC1,anaphase promoting complex subunit 1,-0.1078,-1.868,-4.022,0.0646771,1.0,Down
8030383,RCN3,reticulocalbin 3,0.0859,1.868,-4.023,0.0647747,1.0,Up
8083707,C3orf80,chromosome 3 open reading frame 80,0.0785,1.867,-4.024,0.0648767,1.0,Up
8135181,LRWD1,leucine rich repeats and WD repeat domain containing 1,0.0616,1.866,-4.025,0.0649694,1.0,Up
8046590,HNRNPA3///HNRNPA3P1,heterogeneous nuclear ribonucleoprotein A3///heterogeneous nuclear ribonucleoprotein A3 pseudogene 1,-0.0942,-1.866,-4.025,0.064998,1.0,Down
7940237,MS4A4A,membrane spanning 4-domains A4A,-0.1364,-1.865,-4.027,0.0651941,1.0,Down
8006531,SLFN5,schlafen family member 5,-0.1236,-1.864,-4.028,0.0652479,1.0,Down
8034565,DNASE2,"deoxyribonuclease 2, lysosomal",-0.1097,-1.863,-4.029,0.0653831,1.0,Down
7905968,MTX1,metaxin 1,0.0573,1.863,-4.03,0.0654164,1.0,Up
7997414,GAN,gigaxonin,-0.0626,-1.863,-4.03,0.0654835,1.0,Down
7923991,PLXNA2,plexin A2,0.0634,1.863,-4.031,0.0655042,1.0,Up
7899627,TINAGL1,tubulointerstitial nephritis antigen like 1,0.0922,1.862,-4.031,0.0655447,1.0,Up
8094911,ATP10D,ATPase phospholipid transporting 10D (putative),-0.0921,-1.862,-4.031,0.0655833,1.0,Down
8158492,MIGA2,mitoguardin 2,0.0467,1.862,-4.032,0.0656111,1.0,Up
8118794,HMGA1,high mobility group AT-hook 1,0.0759,1.862,-4.032,0.0656287,1.0,Up
8125234,TNXB///TNXA,tenascin XB///tenascin XA (pseudogene),0.0585,1.861,-4.032,0.0656937,1.0,Up
8002692,ZFHX3,zinc finger homeobox 3,0.0583,1.861,-4.033,0.0657376,1.0,Up
7925028,FAM89A,family with sequence similarity 89 member A,0.063,1.861,-4.033,0.0657851,1.0,Up
8107100,RGMB,repulsive guidance molecule family member b,0.0643,1.859,-4.035,0.0659575,1.0,Up
7956430,GLI1,GLI family zinc finger 1,0.0827,1.859,-4.035,0.0659618,1.0,Up
8038109,FAM83E,family with sequence similarity 83 member E,0.0745,1.859,-4.035,0.0659633,1.0,Up
8133360,CLDN4,claudin 4,0.0708,1.859,-4.036,0.0660263,1.0,Up
8079019,RPS27///RPS27,ribosomal protein S27///ribosomal protein S27,0.0887,1.859,-4.036,0.0660588,1.0,Up
7926319,SUV39H2,suppressor of variegation 3-9 homolog 2,-0.0689,-1.858,-4.038,0.0662187,1.0,Down
8126214,MOCS1,molybdenum cofactor synthesis 1,0.0735,1.857,-4.039,0.0663141,1.0,Up
8157074,FKTN,fukutin,-0.0823,-1.856,-4.04,0.0664568,1.0,Down
7940153,FAM111A,family with sequence similarity 111 member A,-0.1187,-1.855,-4.041,0.0665246,1.0,Down
8017555,ERN1,endoplasmic reticulum to nucleus signaling 1,0.0797,1.855,-4.041,0.0665403,1.0,Up
8060503,SNORD57,"small nucleolar RNA, C/D box 57",0.1179,1.854,-4.043,0.0667525,1.0,Up
7899124,CATSPER4,cation channel sperm associated 4,0.079,1.853,-4.044,0.0668005,1.0,Up
8010590,BAHCC1,BAH domain and coiled-coil containing 1,0.064,1.853,-4.044,0.0668417,1.0,Up
8139947,NSUN5P2///NSUN5P1///NSUN5,NOP2/Sun RNA methyltransferase family member 5 pseudogene 2///NOP2/Sun RNA methyltransferase family member 5 pseudogene 1///NOP2/Sun RNA methyltransferase family member 5,0.0695,1.853,-4.045,0.0669089,1.0,Up
8121002,SMIM8,small integral membrane protein 8,0.0811,1.853,-4.045,0.0669147,1.0,Up
8037525,CKM,"creatine kinase, M-type",0.068,1.853,-4.045,0.0669187,1.0,Up
8137959,TNRC18///TNRC18,trinucleotide repeat containing 18///trinucleotide repeat containing 18,0.065,1.853,-4.045,0.0669411,1.0,Up
8171418,PIGA,phosphatidylinositol glycan anchor biosynthesis class A,-0.1145,-1.852,-4.045,0.0669882,1.0,Down
7896817,ISG15,ISG15 ubiquitin-like modifier,-0.0949,-1.852,-4.046,0.0670776,1.0,Down
7908459,CFH,complement factor H,-0.1352,-1.851,-4.047,0.067103,1.0,Down
8165974,CLCN4,chloride voltage-gated channel 4,0.1328,1.851,-4.048,0.0672017,1.0,Up
7905581,S100A1,S100 calcium binding protein A1,0.1022,1.85,-4.049,0.0673416,1.0,Up
8153346,LYNX1,Ly6/neurotoxin 1,0.0674,1.85,-4.049,0.0673771,1.0,Up
7964119,STAT2,signal transducer and activator of transcription 2,-0.1771,-1.849,-4.05,0.0674226,1.0,Down
8130191,RMND1,required for meiotic nuclear division 1 homolog,-0.0896,-1.849,-4.05,0.0674285,1.0,Down
7959761,ZNF664-FAM101A///FAM101A,filamin-interacting protein FAM101A///family with sequence similarity 101 member A,0.086,1.849,-4.05,0.0674844,1.0,Up
7900555,CCDC30,coiled-coil domain containing 30,-0.0741,-1.849,-4.051,0.0675131,1.0,Down
7901046,SNORD55,"small nucleolar RNA, C/D box 55",0.1334,1.848,-4.051,0.067544,1.0,Up
8114647,SLC25A2,solute carrier family 25 member 2,0.0838,1.848,-4.052,0.0676089,1.0,Up
7899719,CCDC28B,coiled-coil domain containing 28B,0.0565,1.847,-4.052,0.067679,1.0,Up
8046360,METAP1D,methionyl aminopeptidase type 1D (mitochondrial),0.0638,1.847,-4.054,0.0678017,1.0,Up
8039520,SBK2,SH3 domain binding kinase family member 2,0.0774,1.846,-4.055,0.0679246,1.0,Up
8029056,TMEM91,transmembrane protein 91,0.1084,1.845,-4.056,0.0680221,1.0,Up
8082270,CFAP100,cilia and flagella associated protein 100,0.051,1.845,-4.056,0.0680351,1.0,Up
8035249,NR2F6,nuclear receptor subfamily 2 group F member 6,0.0547,1.845,-4.056,0.0680378,1.0,Up
8071989,CRYBB3,crystallin beta B3,0.063,1.844,-4.058,0.0682531,1.0,Up
8142971,KLF14,Kruppel like factor 14,0.0739,1.843,-4.058,0.0682665,1.0,Up
8031084,CACNG8,calcium voltage-gated channel auxiliary subunit gamma 8,0.0634,1.841,-4.061,0.0686099,1.0,Up
7911902,NPHP4,nephronophthisis 4,0.0588,1.841,-4.062,0.0686362,1.0,Up
7928342,NUDT13,nudix hydrolase 13,-0.0665,-1.841,-4.062,0.0686463,1.0,Down
7961259,PRH1-PRR4///PRH1,PRH1-PRR4 readthrough///proline rich protein HaeIII subfamily 1,0.089,1.84,-4.064,0.0688429,1.0,Up
7944739,CRTAM,cytotoxic and regulatory T-cell molecule,-0.1688,-1.839,-4.064,0.0688888,1.0,Down
7911458,ACAP3,"ArfGAP with coiled-coil, ankyrin repeat and PH domains 3",0.055,1.838,-4.066,0.0690518,1.0,Up
8086595,XCR1,X-C motif chemokine receptor 1,0.0804,1.837,-4.067,0.0691477,1.0,Up
8030999,ZNF331,zinc finger protein 331,0.0716,1.837,-4.067,0.069236,1.0,Up
7914750,SMIM12,small integral membrane protein 12,-0.0932,-1.836,-4.069,0.0694336,1.0,Down
8076734,WNT7B,Wnt family member 7B,0.0764,1.835,-4.07,0.0694795,1.0,Up
8024676,GIPC3,GIPC PDZ domain containing family member 3,0.0821,1.835,-4.07,0.0695263,1.0,Up
8025850,ANGPTL8,angiopoietin like 8,0.0632,1.835,-4.07,0.0695477,1.0,Up
8107706,LMNB1,lamin B1,-0.101,-1.834,-4.071,0.0696521,1.0,Down
8180287,RPL31,ribosomal protein L31,0.098,1.834,-4.072,0.0697279,1.0,Up
8133770,CCDC146,coiled-coil domain containing 146,-0.1688,-1.833,-4.073,0.0698148,1.0,Down
7972890,GRTP1,growth hormone regulated TBC protein 1,0.0728,1.833,-4.073,0.0698197,1.0,Up
7976783,DLK1,delta like non-canonical Notch ligand 1,0.0673,1.833,-4.073,0.0698209,1.0,Up
7955317,ASIC1,acid sensing ion channel subunit 1,0.0753,1.833,-4.074,0.0698734,1.0,Up
8117458,BTN3A1,butyrophilin subfamily 3 member A1,-0.1605,-1.832,-4.074,0.0699257,1.0,Down
8052331,PNPT1,polyribonucleotide nucleotidyltransferase 1,-0.1387,-1.832,-4.075,0.0700105,1.0,Down
8094028,AFAP1-AS1,AFAP1 antisense RNA 1,0.0795,1.832,-4.075,0.0700152,1.0,Up
7906443,FCER1A,Fc fragment of IgE receptor Ia,0.1625,1.831,-4.075,0.0700626,1.0,Up
7956009,METTL7B,methyltransferase like 7B,0.0815,1.831,-4.076,0.0700937,1.0,Up
8171545,BEND2,BEN domain containing 2,0.1672,1.83,-4.077,0.0701997,1.0,Up
8119198,CMTR1,cap methyltransferase 1,-0.1477,-1.829,-4.078,0.0703769,1.0,Down
7977567,KLHL33,kelch like family member 33,0.1161,1.828,-4.081,0.0706193,1.0,Up
7949412,LTBP3,latent transforming growth factor beta binding protein 3,0.0682,1.827,-4.081,0.0706884,1.0,Up
8114780,PCDH12,protocadherin 12,0.085,1.826,-4.083,0.0708742,1.0,Up
8060850,BMP2,bone morphogenetic protein 2,0.0725,1.825,-4.084,0.0709627,1.0,Up
8104781,RXFP3,relaxin/insulin like family peptide receptor 3,0.07,1.825,-4.084,0.0709813,1.0,Up
8066214,TGM2,transglutaminase 2,-0.0816,-1.825,-4.084,0.0710032,1.0,Down
7939383,PRR5L,proline rich 5 like,-0.1243,-1.824,-4.086,0.0711839,1.0,Down
8106418,CRHBP,corticotropin releasing hormone binding protein,0.0697,1.824,-4.087,0.0712422,1.0,Up
8063382,SNAI1,snail family transcriptional repressor 1,0.0695,1.824,-4.087,0.0712485,1.0,Up
8124022,DTNBP1,dystrobrevin binding protein 1,-0.0568,-1.823,-4.087,0.0712787,1.0,Down
8063970,COL9A3,collagen type IX alpha 3 chain,0.0652,1.821,-4.09,0.071633,1.0,Up
8031090,CACNG6,calcium voltage-gated channel auxiliary subunit gamma 6,0.0744,1.821,-4.09,0.0716442,1.0,Up
8039226,LILRA3,leukocyte immunoglobulin like receptor A3,-0.2596,-1.82,-4.091,0.071733,1.0,Down
8024429,AMH,anti-Mullerian hormone,0.0638,1.819,-4.093,0.0719226,1.0,Up
8041536,CYP1B1-AS1,CYP1B1 antisense RNA 1,0.0713,1.819,-4.093,0.07194,1.0,Up
7999727,ABCC6,ATP binding cassette subfamily C member 6,0.0741,1.819,-4.093,0.0719733,1.0,Up
7999177,ANKS3,ankyrin repeat and sterile alpha motif domain containing 3,0.0606,1.817,-4.096,0.0722159,1.0,Up
7969815,CLYBL,citrate lyase beta like,-0.0731,-1.817,-4.096,0.0722181,1.0,Down
8078772,SLC22A14,solute carrier family 22 member 14,0.0672,1.815,-4.098,0.072504,1.0,Up
7981322,RTL1,retrotransposon-like 1,0.0786,1.815,-4.099,0.0725603,1.0,Up
8169022,TCEAL9,transcription elongation factor A like 9,0.0532,1.814,-4.1,0.0726715,1.0,Up
8161319,ZNF658B///ZNF658,zinc finger protein 658B (pseudogene)///zinc finger protein 658,-0.0733,-1.814,-4.1,0.0726866,1.0,Down
7960874,C3AR1,complement component 3a receptor 1,-0.232,-1.814,-4.1,0.0727418,1.0,Down
7920100,THEM5,thioesterase superfamily member 5,0.0653,1.813,-4.101,0.0728499,1.0,Up
8098150,TMA16,translation machinery associated 16 homolog,-0.0924,-1.813,-4.102,0.0728982,1.0,Down
7987230,LPCAT4,lysophosphatidylcholine acyltransferase 4,0.0659,1.812,-4.103,0.0730175,1.0,Up
8066431,ADA,adenosine deaminase,-0.1316,-1.812,-4.103,0.0730185,1.0,Down
7944803,VWA5A,von Willebrand factor A domain containing 5A,-0.0931,-1.811,-4.105,0.0732381,1.0,Down
8088020,ITIH4,inter-alpha-trypsin inhibitor heavy chain family member 4,0.0578,1.81,-4.106,0.0733717,1.0,Up
7941662,ACTN3,actinin alpha 3 (gene/pseudogene),0.0745,1.81,-4.106,0.0733851,1.0,Up
8152522,ENPP2,ectonucleotide pyrophosphatase/phosphodiesterase 2,-0.0841,-1.81,-4.106,0.0733859,1.0,Down
8095139,SRD5A3,steroid 5 alpha-reductase 3,-0.1496,-1.808,-4.108,0.0735864,1.0,Down
8059739,NPPC,natriuretic peptide C,0.0733,1.808,-4.108,0.0736345,1.0,Up
8109819,FBLL1,fibrillarin-like 1,0.067,1.808,-4.109,0.0736489,1.0,Up
8163444,ZFP37,ZFP37 zinc finger protein,-0.0822,-1.808,-4.109,0.0736806,1.0,Down
8058258,TMEM237,transmembrane protein 237,-0.0839,-1.808,-4.109,0.0737009,1.0,Down
8087337,LAMB2,laminin subunit beta 2,0.0718,1.807,-4.11,0.0737725,1.0,Up
7907690,TOR3A,torsin family 3 member A,-0.1185,-1.807,-4.11,0.0738206,1.0,Down
8081503,DZIP3,DAZ interacting zinc finger protein 3,-0.0967,-1.807,-4.11,0.0738322,1.0,Down
8085026,RPL35A,ribosomal protein L35a,0.0588,1.806,-4.112,0.0739863,1.0,Up
7968260,GSX1,GS homeobox 1,0.0745,1.805,-4.112,0.0740616,1.0,Up
8171802,ACOT9,acyl-CoA thioesterase 9,-0.1323,-1.805,-4.113,0.0741224,1.0,Down
8036351,ZNF850,zinc finger protein 850,0.0667,1.804,-4.114,0.0742343,1.0,Up
8158081,CFAP157,cilia and flagella associated protein 157,0.0867,1.804,-4.114,0.0742689,1.0,Up
8075089,TFIP11,tuftelin interacting protein 11,-0.1434,-1.804,-4.114,0.0742964,1.0,Down
7938390,ADM,adrenomedullin,-0.1585,-1.804,-4.115,0.07436,1.0,Down
8121588,DSE,dermatan sulfate epimerase,-0.1035,-1.803,-4.115,0.0743675,1.0,Down
8083011,MRPS22,mitochondrial ribosomal protein S22,-0.0894,-1.803,-4.116,0.0744802,1.0,Down
8039409,TMEM86B,transmembrane protein 86B,0.0609,1.803,-4.116,0.0745074,1.0,Up
8039246,LILRA4,leukocyte immunoglobulin like receptor A4,0.0733,1.802,-4.118,0.0746556,1.0,Up
8003850,CYB5D2,cytochrome b5 domain containing 2,-0.0542,-1.801,-4.119,0.0748151,1.0,Down
7938301,AKIP1,A-kinase interacting protein 1,-0.106,-1.801,-4.119,0.0748219,1.0,Down
8152355,SYBU,syntabulin,0.0861,1.8,-4.119,0.0748503,1.0,Up
7954055,APOLD1,apolipoprotein L domain containing 1,0.067,1.8,-4.12,0.0749213,1.0,Up
8148710,EXOSC4,exosome component 4,-0.0835,-1.799,-4.121,0.0750813,1.0,Down
8095585,SLC4A4,solute carrier family 4 member 4,-0.1091,-1.799,-4.122,0.0750995,1.0,Down
8137334,ABCB8,ATP binding cassette subfamily B member 8,0.0678,1.798,-4.123,0.0752258,1.0,Up
7909661,RPS6KC1,ribosomal protein S6 kinase C1,-0.0924,-1.797,-4.124,0.0753785,1.0,Down
8159815,CBWD6///CBWD3///CBWD5///CBWD2///CBWD1///CBWD6///CBWD3///CBWD5///CBWD1,COBW domain containing 6///COBW domain containing 3///COBW domain containing 5///COBW domain containing 2///COBW domain containing 1///COBW domain containing 6///COBW domain containing 3///COBW domain containing 5///COBW domain containing 1,-0.0759,-1.795,-4.127,0.0757247,1.0,Down
8029347,ZNF230,zinc finger protein 230,-0.1513,-1.794,-4.129,0.0759272,1.0,Down
8014679,SRCIN1,SRC kinase signaling inhibitor 1,0.0622,1.793,-4.13,0.0760698,1.0,Up
8063921,MIR1-1,microRNA 1-1,0.0683,1.792,-4.13,0.0761165,1.0,Up
7953211,TIGAR,TP53 induced glycolysis regulatory phosphatase,-0.1673,-1.792,-4.13,0.0761202,1.0,Down
8142884,MIR183,microRNA 183,0.1049,1.792,-4.131,0.0761422,1.0,Up
7973403,CMTM5,CKLF like MARVEL transmembrane domain containing 5,0.1184,1.792,-4.132,0.076255,1.0,Up
8027856,FFAR3,free fatty acid receptor 3,-0.0789,-1.792,-4.132,0.0762625,1.0,Down
8048205,IGFBP2,insulin like growth factor binding protein 2,0.0731,1.792,-4.132,0.076272,1.0,Up
8094378,PI4K2B,phosphatidylinositol 4-kinase type 2 beta,-0.0584,-1.791,-4.133,0.0764057,1.0,Down
7957373,MYF6,myogenic factor 6,0.0972,1.79,-4.133,0.0764551,1.0,Up
8006999,CSF3,colony stimulating factor 3,0.0685,1.79,-4.134,0.0765294,1.0,Up
8169598,ZCCHC12,zinc finger CCHC-type containing 12,0.0736,1.789,-4.135,0.0766057,1.0,Up
8139656,GRB10,growth factor receptor bound protein 10,-0.0773,-1.789,-4.135,0.0766197,1.0,Down
7940044,MIR130A,microRNA 130a,0.0704,1.789,-4.135,0.0766208,1.0,Up
8085033,LMLN,leishmanolysin like peptidase,-0.0669,-1.788,-4.136,0.0768109,1.0,Down
7984276,SLC24A1,solute carrier family 24 member 1,0.0582,1.788,-4.137,0.0768286,1.0,Up
8089072,CPOX,coproporphyrinogen oxidase,-0.0661,-1.787,-4.138,0.0769441,1.0,Down
8096335,HERC6,HECT and RLD domain containing E3 ubiquitin protein ligase family member 6,-0.1517,-1.787,-4.139,0.0770535,1.0,Down
7954090,EMP1,epithelial membrane protein 1,0.0818,1.786,-4.139,0.0771503,1.0,Up
7963427,KRT5,keratin 5,0.0709,1.785,-4.14,0.0772528,1.0,Up
8018558,ACOX1,acyl-CoA oxidase 1,0.1541,1.785,-4.141,0.0773117,1.0,Up
7964555,AVIL,advillin,0.0871,1.785,-4.141,0.0773349,1.0,Up
8126839,TNFRSF21,TNF receptor superfamily member 21,0.0612,1.785,-4.141,0.0773606,1.0,Up
8002082,GFOD2,glucose-fructose oxidoreductase domain containing 2,0.07,1.784,-4.142,0.0774537,1.0,Up
8128788,AK9,adenylate kinase 9,-0.0681,-1.784,-4.142,0.0774698,1.0,Down
8147693,NACAP1,nascent polypeptide associated complex alpha subunit pseudogene 1,0.0634,1.784,-4.142,0.0775019,1.0,Up
7996837,CDH1,cadherin 1,0.0589,1.783,-4.144,0.0776623,1.0,Up
8034276,ZNF653,zinc finger protein 653,0.0509,1.783,-4.144,0.0777283,1.0,Up
8150076,DUSP4,dual specificity phosphatase 4,0.0631,1.781,-4.147,0.0780453,1.0,Up
8037785,GNG8,G protein subunit gamma 8,0.0652,1.78,-4.147,0.0780779,1.0,Up
8030721,CLEC11A,C-type lectin domain family 11 member A,0.0592,1.78,-4.148,0.0781255,1.0,Up
7946860,ABCC8,ATP binding cassette subfamily C member 8,0.0715,1.779,-4.149,0.0783196,1.0,Up
8140534,SEMA3C,semaphorin 3C,-0.0909,-1.779,-4.15,0.0783537,1.0,Down
8143759,ATP6V0E2-AS1,ATP6V0E2 antisense RNA 1,0.0505,1.779,-4.15,0.0783592,1.0,Up
7927108,BMS1,"BMS1, ribosome biogenesis factor",-0.0653,-1.776,-4.154,0.0788433,1.0,Down
7961182,KLRC2,killer cell lectin like receptor C2,-0.2221,-1.776,-4.154,0.0788885,1.0,Down
8064868,GPCPD1,glycerophosphocholine phosphodiesterase 1,0.0925,1.775,-4.155,0.0790206,1.0,Up
8031414,EPS8L1,EPS8 like 1,0.0742,1.775,-4.155,0.0790429,1.0,Up
8084284,HTR3E,5-hydroxytryptamine receptor 3E,0.0882,1.774,-4.156,0.0790638,1.0,Up
7924476,TAF1A,"TATA-box binding protein associated factor, RNA polymerase I subunit A",-0.094,-1.774,-4.156,0.0791245,1.0,Down
8158708,PRDM12,PR/SET domain 12,0.0755,1.773,-4.158,0.0793034,1.0,Up
8116831,TFAP2A-AS1,TFAP2A antisense RNA 1,0.0852,1.772,-4.158,0.0794079,1.0,Up
8127526,RPL39P5///ZNF525///RPL39,ribosomal protein L39 pseudogene 5///zinc finger protein 525///ribosomal protein L39,0.0711,1.771,-4.161,0.0796792,1.0,Up
7976681,CYP46A1,cytochrome P450 family 46 subfamily A member 1,0.0666,1.771,-4.161,0.0796897,1.0,Up
8036862,LOC100507646,uncharacterized LOC100507646,0.0838,1.77,-4.162,0.079883,1.0,Up
8149849,GNRH1,gonadotropin releasing hormone 1,-0.0579,-1.769,-4.163,0.0799248,1.0,Down
8075637,LARGE1,LARGE xylosyl- and glucuronyltransferase 1,0.0682,1.769,-4.163,0.0799384,1.0,Up
8115144,ARSI,arylsulfatase family member I,0.0845,1.769,-4.163,0.0799399,1.0,Up
